Date,Brand,Type,Buy,Buy Change,Sell,Sell Change
27/2/2025 20:45,DOJI,Bullion,88.900 x1000đ/lượng,+142 x1000đ/lượng (13%),91.200 x1000đ/lượng,-22 x1000đ/lượng (13%)
27/2/2025 20:45,DOJI,Ring,90.100 x1000đ/lượng,+142 x1000đ/lượng (13%),91.200 x1000đ/lượng,-22 x1000đ/lượng (13%)
27/2/2025 20:45,PNJ,Bullion,88.900 x1000đ/lượng,+142 x1000đ/lượng (13%),91.200 x1000đ/lượng,-22 x1000đ/lượng (13%)
27/2/2025 20:45,PNJ,Ring,90.300 x1000đ/lượng,+142 x1000đ/lượng (13%),91.200 x1000đ/lượng,-22 x1000đ/lượng (13%)
27/2/2025 20:45,SJC,Bullion,88.900 x1000đ/lượng,+142 x1000đ/lượng (13%),91.200 x1000đ/lượng,-22 x1000đ/lượng (13%)
27/2/2025 20:45,SJC,Ring,88.900 x1000đ/lượng,+142 x1000đ/lượng (13%),91.000 x1000đ/lượng,-22 x1000đ/lượng (13%)
27/2/2025 20:45,PHU-QUY,Bullion,89.200 x1000đ/lượng,+142 x1000đ/lượng (13%),91.200 x1000đ/lượng,-22 x1000đ/lượng (13%)
27/2/2025 20:45,PHU-QUY,Ring,90.000 x1000đ/lượng,+142 x1000đ/lượng (13%),91.500 x1000đ/lượng,-22 x1000đ/lượng (13%)
27/2/2025 20:45,BAO-TIN-MINH-CHAU,Bullion,89.200 x1000đ/lượng,+142 x1000đ/lượng (13%),91.200 x1000đ/lượng,-22 x1000đ/lượng (13%)
27/2/2025 20:45,BAO-TIN-MINH-CHAU,Ring,90.150 x1000đ/lượng,+142 x1000đ/lượng (13%),91.700 x1000đ/lượng,-22 x1000đ/lượng (13%)
27/2/2025 20:45,BAO-TIN-MANH-HAI,Ring,90.150 x1000đ/lượng,+142 x1000đ/lượng (13%),90.150 x1000đ/lượng,-22 x1000đ/lượng (13%)
26/2/2025 22:55,MI-HONG,Bullion,90.600 x1000đ/lượng,+142 x1000đ/lượng (13%),91.500 x1000đ/lượng,-22 x1000đ/lượng (13%)
26/2/2025 22:55,MI-HONG,Ring,90.500 x1000đ/lượng,+142 x1000đ/lượng (13%),91.500 x1000đ/lượng,-22 x1000đ/lượng (13%)
27/2/2025 20:45,NGOC-THAM,Bullion,89.300 x1000đ/lượng,+142 x1000đ/lượng (13%),91.500 x1000đ/lượng,-22 x1000đ/lượng (13%)
27/2/2025 20:45,NGOC-THAM,Ring,89.100 x1000đ/lượng,+142 x1000đ/lượng (13%),91.300 x1000đ/lượng,-22 x1000đ/lượng (13%)
27/2/2025 22:40,DOJI,Bullion,88.900 x1000đ/lượng,+142 x1000đ/lượng (13%),91.200 x1000đ/lượng,-22 x1000đ/lượng (13%)
27/2/2025 22:40,DOJI,Ring,90.100 x1000đ/lượng,+142 x1000đ/lượng (13%),91.200 x1000đ/lượng,-22 x1000đ/lượng (13%)
27/2/2025 22:40,PNJ,Bullion,88.900 x1000đ/lượng,+142 x1000đ/lượng (13%),91.200 x1000đ/lượng,-22 x1000đ/lượng (13%)
27/2/2025 22:40,PNJ,Ring,90.300 x1000đ/lượng,+142 x1000đ/lượng (13%),91.200 x1000đ/lượng,-22 x1000đ/lượng (13%)
27/2/2025 22:40,SJC,Bullion,88.900 x1000đ/lượng,+142 x1000đ/lượng (13%),91.200 x1000đ/lượng,-22 x1000đ/lượng (13%)
27/2/2025 22:40,SJC,Ring,88.900 x1000đ/lượng,+142 x1000đ/lượng (13%),91.000 x1000đ/lượng,-22 x1000đ/lượng (13%)
27/2/2025 22:40,PHU-QUY,Bullion,89.200 x1000đ/lượng,+142 x1000đ/lượng (13%),91.200 x1000đ/lượng,-22 x1000đ/lượng (13%)
27/2/2025 22:40,PHU-QUY,Ring,90.000 x1000đ/lượng,+142 x1000đ/lượng (13%),91.500 x1000đ/lượng,-22 x1000đ/lượng (13%)
27/2/2025 22:40,BAO-TIN-MINH-CHAU,Bullion,89.200 x1000đ/lượng,+142 x1000đ/lượng (13%),91.200 x1000đ/lượng,-22 x1000đ/lượng (13%)
27/2/2025 22:40,BAO-TIN-MINH-CHAU,Ring,90.150 x1000đ/lượng,+142 x1000đ/lượng (13%),91.700 x1000đ/lượng,-22 x1000đ/lượng (13%)
27/2/2025 22:40,BAO-TIN-MANH-HAI,Ring,90.150 x1000đ/lượng,+142 x1000đ/lượng (13%),90.150 x1000đ/lượng,-22 x1000đ/lượng (13%)
26/2/2025 22:55,MI-HONG,Bullion,90.600 x1000đ/lượng,+142 x1000đ/lượng (13%),91.500 x1000đ/lượng,-22 x1000đ/lượng (13%)
26/2/2025 22:55,MI-HONG,Ring,90.500 x1000đ/lượng,+142 x1000đ/lượng (13%),91.500 x1000đ/lượng,-22 x1000đ/lượng (13%)
27/2/2025 22:40,NGOC-THAM,Bullion,89.300 x1000đ/lượng,+142 x1000đ/lượng (13%),91.500 x1000đ/lượng,-22 x1000đ/lượng (13%)
27/2/2025 22:40,NGOC-THAM,Ring,89.100 x1000đ/lượng,+142 x1000đ/lượng (13%),91.300 x1000đ/lượng,-22 x1000đ/lượng (13%)
27/2/2025 22:55,DOJI,Bullion,88.900 x1000đ/lượng,+142 x1000đ/lượng (13%),91.200 x1000đ/lượng,-22 x1000đ/lượng (13%)
27/2/2025 22:55,DOJI,Ring,90.100 x1000đ/lượng,+142 x1000đ/lượng (13%),91.200 x1000đ/lượng,-22 x1000đ/lượng (13%)
27/2/2025 22:55,PNJ,Bullion,88.900 x1000đ/lượng,+142 x1000đ/lượng (13%),91.200 x1000đ/lượng,-22 x1000đ/lượng (13%)
27/2/2025 22:55,PNJ,Ring,90.300 x1000đ/lượng,+142 x1000đ/lượng (13%),91.200 x1000đ/lượng,-22 x1000đ/lượng (13%)
27/2/2025 22:55,SJC,Bullion,88.900 x1000đ/lượng,+142 x1000đ/lượng (13%),91.200 x1000đ/lượng,-22 x1000đ/lượng (13%)
27/2/2025 22:55,SJC,Ring,88.900 x1000đ/lượng,+142 x1000đ/lượng (13%),91.000 x1000đ/lượng,-22 x1000đ/lượng (13%)
27/2/2025 22:55,PHU-QUY,Bullion,89.200 x1000đ/lượng,+142 x1000đ/lượng (13%),91.200 x1000đ/lượng,-22 x1000đ/lượng (13%)
27/2/2025 22:55,PHU-QUY,Ring,90.000 x1000đ/lượng,+142 x1000đ/lượng (13%),91.500 x1000đ/lượng,-22 x1000đ/lượng (13%)
27/2/2025 22:55,BAO-TIN-MINH-CHAU,Bullion,89.200 x1000đ/lượng,+142 x1000đ/lượng (13%),91.200 x1000đ/lượng,-22 x1000đ/lượng (13%)
27/2/2025 22:55,BAO-TIN-MINH-CHAU,Ring,90.150 x1000đ/lượng,+142 x1000đ/lượng (13%),91.700 x1000đ/lượng,-22 x1000đ/lượng (13%)
27/2/2025 22:55,BAO-TIN-MANH-HAI,Ring,90.150 x1000đ/lượng,+142 x1000đ/lượng (13%),90.150 x1000đ/lượng,-22 x1000đ/lượng (13%)
26/2/2025 22:55,MI-HONG,Bullion,90.600 x1000đ/lượng,+142 x1000đ/lượng (13%),91.500 x1000đ/lượng,-22 x1000đ/lượng (13%)
26/2/2025 22:55,MI-HONG,Ring,90.500 x1000đ/lượng,+142 x1000đ/lượng (13%),91.500 x1000đ/lượng,-22 x1000đ/lượng (13%)
27/2/2025 22:55,NGOC-THAM,Bullion,89.300 x1000đ/lượng,+142 x1000đ/lượng (13%),91.500 x1000đ/lượng,-22 x1000đ/lượng (13%)
27/2/2025 22:55,NGOC-THAM,Ring,89.100 x1000đ/lượng,+142 x1000đ/lượng (13%),91.300 x1000đ/lượng,-22 x1000đ/lượng (13%)
28/2/2025 9:15,DOJI,Bullion,88.900 x1000đ/lượng,+142 x1000đ/lượng (13%),90.900 x1000đ/lượng,-22 x1000đ/lượng (13%)
28/2/2025 9:15,DOJI,Ring,89.800 x1000đ/lượng,+142 x1000đ/lượng (13%),90.900 x1000đ/lượng,-22 x1000đ/lượng (13%)
28/2/2025 9:15,PNJ,Bullion,88.900 x1000đ/lượng,+142 x1000đ/lượng (13%),90.900 x1000đ/lượng,-22 x1000đ/lượng (13%)
28/2/2025 9:15,PNJ,Ring,90.000 x1000đ/lượng,+142 x1000đ/lượng (13%),90.900 x1000đ/lượng,-22 x1000đ/lượng (13%)
28/2/2025 9:15,SJC,Bullion,88.900 x1000đ/lượng,+142 x1000đ/lượng (13%),90.900 x1000đ/lượng,-22 x1000đ/lượng (13%)
28/2/2025 9:15,SJC,Ring,88.900 x1000đ/lượng,+142 x1000đ/lượng (13%),90.800 x1000đ/lượng,-22 x1000đ/lượng (13%)
28/2/2025 9:15,PHU-QUY,Bullion,89.100 x1000đ/lượng,+142 x1000đ/lượng (13%),90.900 x1000đ/lượng,-22 x1000đ/lượng (13%)
28/2/2025 9:15,PHU-QUY,Ring,89.900 x1000đ/lượng,+142 x1000đ/lượng (13%),91.400 x1000đ/lượng,-22 x1000đ/lượng (13%)
28/2/2025 9:15,BAO-TIN-MINH-CHAU,Bullion,89.200 x1000đ/lượng,+142 x1000đ/lượng (13%),91.200 x1000đ/lượng,-22 x1000đ/lượng (13%)
28/2/2025 9:15,BAO-TIN-MINH-CHAU,Ring,90.150 x1000đ/lượng,+142 x1000đ/lượng (13%),91.700 x1000đ/lượng,-22 x1000đ/lượng (13%)
28/2/2025 9:15,BAO-TIN-MANH-HAI,Ring,89.800 x1000đ/lượng,+142 x1000đ/lượng (13%),89.800 x1000đ/lượng,-22 x1000đ/lượng (13%)
26/2/2025 22:55,MI-HONG,Bullion,90.600 x1000đ/lượng,+142 x1000đ/lượng (13%),91.500 x1000đ/lượng,-22 x1000đ/lượng (13%)
26/2/2025 22:55,MI-HONG,Ring,90.500 x1000đ/lượng,+142 x1000đ/lượng (13%),91.500 x1000đ/lượng,-22 x1000đ/lượng (13%)
28/2/2025 9:15,NGOC-THAM,Bullion,88.800 x1000đ/lượng,+142 x1000đ/lượng (13%),91.300 x1000đ/lượng,-22 x1000đ/lượng (13%)
28/2/2025 9:15,NGOC-THAM,Ring,88.800 x1000đ/lượng,+142 x1000đ/lượng (13%),91.000 x1000đ/lượng,-22 x1000đ/lượng (13%)
28/2/2025 10:20,DOJI,Bullion,88.900 x1000đ/lượng,+142 x1000đ/lượng (13%),90.900 x1000đ/lượng,-22 x1000đ/lượng (13%)
28/2/2025 10:20,DOJI,Ring,89.800 x1000đ/lượng,+142 x1000đ/lượng (13%),90.900 x1000đ/lượng,-22 x1000đ/lượng (13%)
28/2/2025 10:20,PNJ,Bullion,88.900 x1000đ/lượng,+142 x1000đ/lượng (13%),90.900 x1000đ/lượng,-22 x1000đ/lượng (13%)
28/2/2025 10:20,PNJ,Ring,90.000 x1000đ/lượng,+142 x1000đ/lượng (13%),90.900 x1000đ/lượng,-22 x1000đ/lượng (13%)
28/2/2025 10:20,SJC,Bullion,88.900 x1000đ/lượng,+142 x1000đ/lượng (13%),90.900 x1000đ/lượng,-22 x1000đ/lượng (13%)
28/2/2025 10:20,SJC,Ring,88.900 x1000đ/lượng,+142 x1000đ/lượng (13%),90.800 x1000đ/lượng,-22 x1000đ/lượng (13%)
28/2/2025 10:20,PHU-QUY,Bullion,89.100 x1000đ/lượng,+142 x1000đ/lượng (13%),90.900 x1000đ/lượng,-22 x1000đ/lượng (13%)
28/2/2025 10:20,PHU-QUY,Ring,89.900 x1000đ/lượng,+142 x1000đ/lượng (13%),91.400 x1000đ/lượng,-22 x1000đ/lượng (13%)
28/2/2025 10:20,BAO-TIN-MINH-CHAU,Bullion,89.100 x1000đ/lượng,+142 x1000đ/lượng (13%),90.900 x1000đ/lượng,-22 x1000đ/lượng (13%)
28/2/2025 10:20,BAO-TIN-MINH-CHAU,Ring,89.950 x1000đ/lượng,+142 x1000đ/lượng (13%),91.400 x1000đ/lượng,-22 x1000đ/lượng (13%)
28/2/2025 10:20,BAO-TIN-MANH-HAI,Ring,89.950 x1000đ/lượng,+142 x1000đ/lượng (13%),89.950 x1000đ/lượng,-22 x1000đ/lượng (13%)
26/2/2025 22:55,MI-HONG,Bullion,90.600 x1000đ/lượng,+142 x1000đ/lượng (13%),91.500 x1000đ/lượng,-22 x1000đ/lượng (13%)
26/2/2025 22:55,MI-HONG,Ring,90.500 x1000đ/lượng,+142 x1000đ/lượng (13%),91.500 x1000đ/lượng,-22 x1000đ/lượng (13%)
28/2/2025 10:20,NGOC-THAM,Bullion,88.800 x1000đ/lượng,+142 x1000đ/lượng (13%),91.300 x1000đ/lượng,-22 x1000đ/lượng (13%)
28/2/2025 10:20,NGOC-THAM,Ring,88.800 x1000đ/lượng,+142 x1000đ/lượng (13%),91.000 x1000đ/lượng,-22 x1000đ/lượng (13%)
28/2/2025 13:15,DOJI,Bullion,88.500 x1000đ/lượng,+142 x1000đ/lượng (13%),90.500 x1000đ/lượng,-22 x1000đ/lượng (13%)
28/2/2025 13:15,DOJI,Ring,90.000 x1000đ/lượng,+142 x1000đ/lượng (13%),91.000 x1000đ/lượng,-22 x1000đ/lượng (13%)
28/2/2025 13:15,PNJ,Bullion,88.500 x1000đ/lượng,+142 x1000đ/lượng (13%),90.500 x1000đ/lượng,-22 x1000đ/lượng (13%)
28/2/2025 13:15,PNJ,Ring,89.800 x1000đ/lượng,+142 x1000đ/lượng (13%),90.500 x1000đ/lượng,-22 x1000đ/lượng (13%)
28/2/2025 13:15,SJC,Bullion,88.500 x1000đ/lượng,+142 x1000đ/lượng (13%),90.500 x1000đ/lượng,-22 x1000đ/lượng (13%)
28/2/2025 13:15,SJC,Ring,88.500 x1000đ/lượng,+142 x1000đ/lượng (13%),90.400 x1000đ/lượng,-22 x1000đ/lượng (13%)
28/2/2025 13:15,PHU-QUY,Bullion,88.800 x1000đ/lượng,+142 x1000đ/lượng (13%),90.600 x1000đ/lượng,-22 x1000đ/lượng (13%)
28/2/2025 13:15,PHU-QUY,Ring,89.700 x1000đ/lượng,+142 x1000đ/lượng (13%),91.200 x1000đ/lượng,-22 x1000đ/lượng (13%)
28/2/2025 13:15,BAO-TIN-MINH-CHAU,Bullion,88.800 x1000đ/lượng,+142 x1000đ/lượng (13%),90.500 x1000đ/lượng,-22 x1000đ/lượng (13%)
28/2/2025 13:15,BAO-TIN-MINH-CHAU,Ring,90.050 x1000đ/lượng,+142 x1000đ/lượng (13%),91.300 x1000đ/lượng,-22 x1000đ/lượng (13%)
28/2/2025 13:15,BAO-TIN-MANH-HAI,Ring,90.050 x1000đ/lượng,+142 x1000đ/lượng (13%),90.050 x1000đ/lượng,-22 x1000đ/lượng (13%)
28/2/2025 13:15,MI-HONG,Bullion,90.000 x1000đ/lượng,+142 x1000đ/lượng (13%),90.700 x1000đ/lượng,-22 x1000đ/lượng (13%)
28/2/2025 13:15,MI-HONG,Ring,89.900 x1000đ/lượng,+142 x1000đ/lượng (13%),90.700 x1000đ/lượng,-22 x1000đ/lượng (13%)
28/2/2025 13:15,NGOC-THAM,Bullion,88.800 x1000đ/lượng,+142 x1000đ/lượng (13%),91.300 x1000đ/lượng,-22 x1000đ/lượng (13%)
28/2/2025 13:15,NGOC-THAM,Ring,88.800 x1000đ/lượng,+142 x1000đ/lượng (13%),91.000 x1000đ/lượng,-22 x1000đ/lượng (13%)
28/2/2025 15:15,DOJI,Bullion,88.500 x1000đ/lượng,+142 x1000đ/lượng (13%),90.500 x1000đ/lượng,-22 x1000đ/lượng (13%)
28/2/2025 15:15,DOJI,Ring,90.000 x1000đ/lượng,+142 x1000đ/lượng (13%),91.000 x1000đ/lượng,-22 x1000đ/lượng (13%)
28/2/2025 15:15,PNJ,Bullion,88.500 x1000đ/lượng,+142 x1000đ/lượng (13%),90.500 x1000đ/lượng,-22 x1000đ/lượng (13%)
28/2/2025 15:15,PNJ,Ring,89.800 x1000đ/lượng,+142 x1000đ/lượng (13%),90.500 x1000đ/lượng,-22 x1000đ/lượng (13%)
28/2/2025 15:15,SJC,Bullion,88.500 x1000đ/lượng,+142 x1000đ/lượng (13%),90.500 x1000đ/lượng,-22 x1000đ/lượng (13%)
28/2/2025 15:15,SJC,Ring,88.500 x1000đ/lượng,+142 x1000đ/lượng (13%),90.400 x1000đ/lượng,-22 x1000đ/lượng (13%)
28/2/2025 15:15,PHU-QUY,Bullion,88.800 x1000đ/lượng,+142 x1000đ/lượng (13%),90.500 x1000đ/lượng,-22 x1000đ/lượng (13%)
28/2/2025 15:15,PHU-QUY,Ring,89.700 x1000đ/lượng,+142 x1000đ/lượng (13%),91.200 x1000đ/lượng,-22 x1000đ/lượng (13%)
28/2/2025 15:15,BAO-TIN-MINH-CHAU,Bullion,88.800 x1000đ/lượng,+142 x1000đ/lượng (13%),90.500 x1000đ/lượng,-22 x1000đ/lượng (13%)
28/2/2025 15:15,BAO-TIN-MINH-CHAU,Ring,90.050 x1000đ/lượng,+142 x1000đ/lượng (13%),91.300 x1000đ/lượng,-22 x1000đ/lượng (13%)
28/2/2025 15:15,BAO-TIN-MANH-HAI,Ring,90.050 x1000đ/lượng,+142 x1000đ/lượng (13%),90.050 x1000đ/lượng,-22 x1000đ/lượng (13%)
28/2/2025 15:15,MI-HONG,Bullion,89.900 x1000đ/lượng,+142 x1000đ/lượng (13%),90.500 x1000đ/lượng,-22 x1000đ/lượng (13%)
28/2/2025 15:15,MI-HONG,Ring,89.700 x1000đ/lượng,+142 x1000đ/lượng (13%),90.500 x1000đ/lượng,-22 x1000đ/lượng (13%)
28/2/2025 15:15,NGOC-THAM,Bullion,88.800 x1000đ/lượng,+142 x1000đ/lượng (13%),91.300 x1000đ/lượng,-22 x1000đ/lượng (13%)
28/2/2025 15:15,NGOC-THAM,Ring,88.800 x1000đ/lượng,+142 x1000đ/lượng (13%),91.000 x1000đ/lượng,-22 x1000đ/lượng (13%)
28/2/2025 18:10,DOJI,Bullion,88.500 x1000đ/lượng,+142 x1000đ/lượng (13%),90.500 x1000đ/lượng,-22 x1000đ/lượng (13%)
28/2/2025 18:10,DOJI,Ring,90.000 x1000đ/lượng,+142 x1000đ/lượng (13%),91.000 x1000đ/lượng,-22 x1000đ/lượng (13%)
28/2/2025 18:10,PNJ,Bullion,88.500 x1000đ/lượng,+142 x1000đ/lượng (13%),90.500 x1000đ/lượng,-22 x1000đ/lượng (13%)
28/2/2025 18:10,PNJ,Ring,89.800 x1000đ/lượng,+142 x1000đ/lượng (13%),90.500 x1000đ/lượng,-22 x1000đ/lượng (13%)
28/2/2025 18:10,SJC,Bullion,88.500 x1000đ/lượng,+142 x1000đ/lượng (13%),90.500 x1000đ/lượng,-22 x1000đ/lượng (13%)
28/2/2025 18:10,SJC,Ring,88.500 x1000đ/lượng,+142 x1000đ/lượng (13%),90.400 x1000đ/lượng,-22 x1000đ/lượng (13%)
28/2/2025 18:10,PHU-QUY,Bullion,88.800 x1000đ/lượng,+142 x1000đ/lượng (13%),90.500 x1000đ/lượng,-22 x1000đ/lượng (13%)
28/2/2025 18:10,PHU-QUY,Ring,89.700 x1000đ/lượng,+142 x1000đ/lượng (13%),91.200 x1000đ/lượng,-22 x1000đ/lượng (13%)
28/2/2025 18:10,BAO-TIN-MINH-CHAU,Bullion,88.800 x1000đ/lượng,+142 x1000đ/lượng (13%),90.500 x1000đ/lượng,-22 x1000đ/lượng (13%)
28/2/2025 18:10,BAO-TIN-MINH-CHAU,Ring,90.050 x1000đ/lượng,+142 x1000đ/lượng (13%),91.300 x1000đ/lượng,-22 x1000đ/lượng (13%)
28/2/2025 18:10,BAO-TIN-MANH-HAI,Ring,90.050 x1000đ/lượng,+142 x1000đ/lượng (13%),90.050 x1000đ/lượng,-22 x1000đ/lượng (13%)
28/2/2025 18:10,MI-HONG,Bullion,90.400 x1000đ/lượng,+142 x1000đ/lượng (13%),91.000 x1000đ/lượng,-22 x1000đ/lượng (13%)
28/2/2025 18:10,MI-HONG,Ring,90.200 x1000đ/lượng,+142 x1000đ/lượng (13%),91.000 x1000đ/lượng,-22 x1000đ/lượng (13%)
28/2/2025 18:10,NGOC-THAM,Bullion,89.000 x1000đ/lượng,+142 x1000đ/lượng (13%),91.500 x1000đ/lượng,-22 x1000đ/lượng (13%)
28/2/2025 18:10,NGOC-THAM,Ring,89.000 x1000đ/lượng,+142 x1000đ/lượng (13%),91.200 x1000đ/lượng,-22 x1000đ/lượng (13%)
1/3/2025 9:20,DOJI,Bullion,88.500 x1000đ/lượng,+142 x1000đ/lượng (13%),90.500 x1000đ/lượng,-22 x1000đ/lượng (13%)
1/3/2025 9:20,DOJI,Ring,90.000 x1000đ/lượng,+142 x1000đ/lượng (13%),91.000 x1000đ/lượng,-22 x1000đ/lượng (13%)
1/3/2025 9:20,PNJ,Bullion,88.500 x1000đ/lượng,+142 x1000đ/lượng (13%),90.500 x1000đ/lượng,-22 x1000đ/lượng (13%)
1/3/2025 9:20,PNJ,Ring,89.800 x1000đ/lượng,+142 x1000đ/lượng (13%),90.500 x1000đ/lượng,-22 x1000đ/lượng (13%)
1/3/2025 9:20,SJC,Bullion,88.500 x1000đ/lượng,+142 x1000đ/lượng (13%),90.500 x1000đ/lượng,-22 x1000đ/lượng (13%)
1/3/2025 9:20,SJC,Ring,88.500 x1000đ/lượng,+142 x1000đ/lượng (13%),90.400 x1000đ/lượng,-22 x1000đ/lượng (13%)
1/3/2025 9:20,PHU-QUY,Bullion,88.700 x1000đ/lượng,+142 x1000đ/lượng (13%),90.500 x1000đ/lượng,-22 x1000đ/lượng (13%)
1/3/2025 9:20,PHU-QUY,Ring,89.600 x1000đ/lượng,+142 x1000đ/lượng (13%),91.100 x1000đ/lượng,-22 x1000đ/lượng (13%)
1/3/2025 9:20,BAO-TIN-MINH-CHAU,Bullion,88.600 x1000đ/lượng,+142 x1000đ/lượng (13%),90.500 x1000đ/lượng,-22 x1000đ/lượng (13%)
1/3/2025 9:20,BAO-TIN-MINH-CHAU,Ring,90.100 x1000đ/lượng,+142 x1000đ/lượng (13%),91.300 x1000đ/lượng,-22 x1000đ/lượng (13%)
1/3/2025 9:20,BAO-TIN-MANH-HAI,Ring,90.100 x1000đ/lượng,+142 x1000đ/lượng (13%),90.100 x1000đ/lượng,-22 x1000đ/lượng (13%)
1/3/2025 9:20,MI-HONG,Bullion,90.500 x1000đ/lượng,+142 x1000đ/lượng (13%),91.000 x1000đ/lượng,-22 x1000đ/lượng (13%)
1/3/2025 9:20,MI-HONG,Ring,90.300 x1000đ/lượng,+142 x1000đ/lượng (13%),91.000 x1000đ/lượng,-22 x1000đ/lượng (13%)
1/3/2025 9:20,NGOC-THAM,Bullion,89.000 x1000đ/lượng,+142 x1000đ/lượng (13%),91.500 x1000đ/lượng,-22 x1000đ/lượng (13%)
1/3/2025 9:20,NGOC-THAM,Ring,89.000 x1000đ/lượng,+142 x1000đ/lượng (13%),91.200 x1000đ/lượng,-22 x1000đ/lượng (13%)
1/3/2025 10:25,DOJI,Bullion,88.500 x1000đ/lượng,+142 x1000đ/lượng (13%),90.500 x1000đ/lượng,-22 x1000đ/lượng (13%)
1/3/2025 10:25,DOJI,Ring,90.000 x1000đ/lượng,+142 x1000đ/lượng (13%),91.000 x1000đ/lượng,-22 x1000đ/lượng (13%)
1/3/2025 10:25,PNJ,Bullion,88.500 x1000đ/lượng,+142 x1000đ/lượng (13%),90.500 x1000đ/lượng,-22 x1000đ/lượng (13%)
1/3/2025 10:25,PNJ,Ring,89.800 x1000đ/lượng,+142 x1000đ/lượng (13%),90.500 x1000đ/lượng,-22 x1000đ/lượng (13%)
1/3/2025 10:25,SJC,Bullion,88.500 x1000đ/lượng,+142 x1000đ/lượng (13%),90.500 x1000đ/lượng,-22 x1000đ/lượng (13%)
1/3/2025 10:25,SJC,Ring,88.500 x1000đ/lượng,+142 x1000đ/lượng (13%),90.400 x1000đ/lượng,-22 x1000đ/lượng (13%)
1/3/2025 10:25,PHU-QUY,Bullion,88.700 x1000đ/lượng,+142 x1000đ/lượng (13%),90.500 x1000đ/lượng,-22 x1000đ/lượng (13%)
1/3/2025 10:25,PHU-QUY,Ring,89.600 x1000đ/lượng,+142 x1000đ/lượng (13%),91.100 x1000đ/lượng,-22 x1000đ/lượng (13%)
1/3/2025 10:25,BAO-TIN-MINH-CHAU,Bullion,88.600 x1000đ/lượng,+142 x1000đ/lượng (13%),90.500 x1000đ/lượng,-22 x1000đ/lượng (13%)
1/3/2025 10:25,BAO-TIN-MINH-CHAU,Ring,90.100 x1000đ/lượng,+142 x1000đ/lượng (13%),91.300 x1000đ/lượng,-22 x1000đ/lượng (13%)
1/3/2025 10:25,BAO-TIN-MANH-HAI,Ring,90.100 x1000đ/lượng,+142 x1000đ/lượng (13%),90.100 x1000đ/lượng,-22 x1000đ/lượng (13%)
1/3/2025 10:25,MI-HONG,Bullion,90.600 x1000đ/lượng,+142 x1000đ/lượng (13%),91.200 x1000đ/lượng,-22 x1000đ/lượng (13%)
1/3/2025 10:25,MI-HONG,Ring,90.400 x1000đ/lượng,+142 x1000đ/lượng (13%),91.200 x1000đ/lượng,-22 x1000đ/lượng (13%)
1/3/2025 10:25,NGOC-THAM,Bullion,88.600 x1000đ/lượng,+142 x1000đ/lượng (13%),91.100 x1000đ/lượng,-22 x1000đ/lượng (13%)
1/3/2025 10:25,NGOC-THAM,Ring,88.600 x1000đ/lượng,+142 x1000đ/lượng (13%),90.800 x1000đ/lượng,-22 x1000đ/lượng (13%)
1/3/2025 13:15,DOJI,Bullion,88.500 x1000đ/lượng,+142 x1000đ/lượng (13%),90.500 x1000đ/lượng,-22 x1000đ/lượng (13%)
1/3/2025 13:15,DOJI,Ring,90.000 x1000đ/lượng,+142 x1000đ/lượng (13%),91.000 x1000đ/lượng,-22 x1000đ/lượng (13%)
1/3/2025 13:15,PNJ,Bullion,88.500 x1000đ/lượng,+142 x1000đ/lượng (13%),90.500 x1000đ/lượng,-22 x1000đ/lượng (13%)
1/3/2025 13:15,PNJ,Ring,89.800 x1000đ/lượng,+142 x1000đ/lượng (13%),90.500 x1000đ/lượng,-22 x1000đ/lượng (13%)
1/3/2025 13:15,SJC,Bullion,88.500 x1000đ/lượng,+142 x1000đ/lượng (13%),90.500 x1000đ/lượng,-22 x1000đ/lượng (13%)
1/3/2025 13:15,SJC,Ring,88.500 x1000đ/lượng,+142 x1000đ/lượng (13%),90.400 x1000đ/lượng,-22 x1000đ/lượng (13%)
1/3/2025 13:15,PHU-QUY,Bullion,88.700 x1000đ/lượng,+142 x1000đ/lượng (13%),90.500 x1000đ/lượng,-22 x1000đ/lượng (13%)
1/3/2025 13:15,PHU-QUY,Ring,89.700 x1000đ/lượng,+142 x1000đ/lượng (13%),91.200 x1000đ/lượng,-22 x1000đ/lượng (13%)
1/3/2025 13:15,BAO-TIN-MINH-CHAU,Bullion,88.700 x1000đ/lượng,+142 x1000đ/lượng (13%),90.500 x1000đ/lượng,-22 x1000đ/lượng (13%)
1/3/2025 13:15,BAO-TIN-MINH-CHAU,Ring,90.100 x1000đ/lượng,+142 x1000đ/lượng (13%),91.300 x1000đ/lượng,-22 x1000đ/lượng (13%)
1/3/2025 13:15,BAO-TIN-MANH-HAI,Ring,90.100 x1000đ/lượng,+142 x1000đ/lượng (13%),90.100 x1000đ/lượng,-22 x1000đ/lượng (13%)
1/3/2025 13:15,MI-HONG,Bullion,90.700 x1000đ/lượng,+142 x1000đ/lượng (13%),91.400 x1000đ/lượng,-22 x1000đ/lượng (13%)
1/3/2025 13:15,MI-HONG,Ring,90.500 x1000đ/lượng,+142 x1000đ/lượng (13%),91.400 x1000đ/lượng,-22 x1000đ/lượng (13%)
1/3/2025 13:15,NGOC-THAM,Bullion,88.600 x1000đ/lượng,+142 x1000đ/lượng (13%),91.100 x1000đ/lượng,-22 x1000đ/lượng (13%)
1/3/2025 13:15,NGOC-THAM,Ring,88.600 x1000đ/lượng,+142 x1000đ/lượng (13%),90.800 x1000đ/lượng,-22 x1000đ/lượng (13%)
1/3/2025 15:10,DOJI,Bullion,88.500 x1000đ/lượng,+142 x1000đ/lượng (13%),90.500 x1000đ/lượng,-22 x1000đ/lượng (13%)
1/3/2025 15:10,DOJI,Ring,90.000 x1000đ/lượng,+142 x1000đ/lượng (13%),91.000 x1000đ/lượng,-22 x1000đ/lượng (13%)
1/3/2025 15:10,PNJ,Bullion,88.500 x1000đ/lượng,+142 x1000đ/lượng (13%),90.500 x1000đ/lượng,-22 x1000đ/lượng (13%)
1/3/2025 15:10,PNJ,Ring,89.800 x1000đ/lượng,+142 x1000đ/lượng (13%),90.500 x1000đ/lượng,-22 x1000đ/lượng (13%)
1/3/2025 15:10,SJC,Bullion,88.500 x1000đ/lượng,+142 x1000đ/lượng (13%),90.500 x1000đ/lượng,-22 x1000đ/lượng (13%)
1/3/2025 15:10,SJC,Ring,88.500 x1000đ/lượng,+142 x1000đ/lượng (13%),90.400 x1000đ/lượng,-22 x1000đ/lượng (13%)
1/3/2025 15:15,PHU-QUY,Bullion,88.700 x1000đ/lượng,+142 x1000đ/lượng (13%),90.500 x1000đ/lượng,-22 x1000đ/lượng (13%)
1/3/2025 15:15,PHU-QUY,Ring,89.700 x1000đ/lượng,+142 x1000đ/lượng (13%),91.200 x1000đ/lượng,-22 x1000đ/lượng (13%)
1/3/2025 15:15,BAO-TIN-MINH-CHAU,Bullion,88.700 x1000đ/lượng,+142 x1000đ/lượng (13%),90.500 x1000đ/lượng,-22 x1000đ/lượng (13%)
1/3/2025 15:15,BAO-TIN-MINH-CHAU,Ring,90.100 x1000đ/lượng,+142 x1000đ/lượng (13%),91.300 x1000đ/lượng,-22 x1000đ/lượng (13%)
1/3/2025 15:15,BAO-TIN-MANH-HAI,Ring,90.100 x1000đ/lượng,+142 x1000đ/lượng (13%),90.100 x1000đ/lượng,-22 x1000đ/lượng (13%)
1/3/2025 15:15,MI-HONG,Bullion,90.700 x1000đ/lượng,+142 x1000đ/lượng (13%),91.400 x1000đ/lượng,-22 x1000đ/lượng (13%)
1/3/2025 15:15,MI-HONG,Ring,90.500 x1000đ/lượng,+142 x1000đ/lượng (13%),91.400 x1000đ/lượng,-22 x1000đ/lượng (13%)
1/3/2025 15:15,NGOC-THAM,Bullion,88.800 x1000đ/lượng,+142 x1000đ/lượng (13%),91.300 x1000đ/lượng,-22 x1000đ/lượng (13%)
1/3/2025 15:15,NGOC-THAM,Ring,88.800 x1000đ/lượng,+142 x1000đ/lượng (13%),91.000 x1000đ/lượng,-22 x1000đ/lượng (13%)
1/3/2025 18:05,DOJI,Bullion,88.500 x1000đ/lượng,+142 x1000đ/lượng (13%),90.500 x1000đ/lượng,-22 x1000đ/lượng (13%)
1/3/2025 18:05,DOJI,Ring,90.000 x1000đ/lượng,+142 x1000đ/lượng (13%),91.000 x1000đ/lượng,-22 x1000đ/lượng (13%)
1/3/2025 18:05,PNJ,Bullion,88.500 x1000đ/lượng,+142 x1000đ/lượng (13%),90.500 x1000đ/lượng,-22 x1000đ/lượng (13%)
1/3/2025 18:05,PNJ,Ring,89.800 x1000đ/lượng,+142 x1000đ/lượng (13%),90.500 x1000đ/lượng,-22 x1000đ/lượng (13%)
1/3/2025 18:05,SJC,Bullion,88.500 x1000đ/lượng,+142 x1000đ/lượng (13%),90.500 x1000đ/lượng,-22 x1000đ/lượng (13%)
1/3/2025 18:05,SJC,Ring,88.500 x1000đ/lượng,+142 x1000đ/lượng (13%),90.400 x1000đ/lượng,-22 x1000đ/lượng (13%)
1/3/2025 18:05,PHU-QUY,Bullion,88.700 x1000đ/lượng,+142 x1000đ/lượng (13%),90.500 x1000đ/lượng,-22 x1000đ/lượng (13%)
1/3/2025 18:05,PHU-QUY,Ring,89.700 x1000đ/lượng,+142 x1000đ/lượng (13%),91.200 x1000đ/lượng,-22 x1000đ/lượng (13%)
1/3/2025 18:05,BAO-TIN-MINH-CHAU,Bullion,88.700 x1000đ/lượng,+142 x1000đ/lượng (13%),90.500 x1000đ/lượng,-22 x1000đ/lượng (13%)
1/3/2025 18:05,BAO-TIN-MINH-CHAU,Ring,90.100 x1000đ/lượng,+142 x1000đ/lượng (13%),91.300 x1000đ/lượng,-22 x1000đ/lượng (13%)
1/3/2025 18:05,BAO-TIN-MANH-HAI,Ring,90.100 x1000đ/lượng,+142 x1000đ/lượng (13%),90.100 x1000đ/lượng,-22 x1000đ/lượng (13%)
1/3/2025 18:05,MI-HONG,Bullion,90.200 x1000đ/lượng,+142 x1000đ/lượng (13%),91.400 x1000đ/lượng,-22 x1000đ/lượng (13%)
1/3/2025 18:05,MI-HONG,Ring,90.000 x1000đ/lượng,+142 x1000đ/lượng (13%),91.400 x1000đ/lượng,-22 x1000đ/lượng (13%)
1/3/2025 18:10,NGOC-THAM,Bullion,89.100 x1000đ/lượng,+142 x1000đ/lượng (13%),91.600 x1000đ/lượng,-22 x1000đ/lượng (13%)
1/3/2025 18:10,NGOC-THAM,Ring,89.100 x1000đ/lượng,+142 x1000đ/lượng (13%),91.300 x1000đ/lượng,-22 x1000đ/lượng (13%)
3/3/2025 9:15,DOJI,Bullion,89.000 x1000đ/lượng,+142 x1000đ/lượng (13%),91.000 x1000đ/lượng,-22 x1000đ/lượng (13%)
3/3/2025 9:15,DOJI,Ring,90.500 x1000đ/lượng,+142 x1000đ/lượng (13%),91.500 x1000đ/lượng,-22 x1000đ/lượng (13%)
3/3/2025 9:15,PNJ,Bullion,89.000 x1000đ/lượng,+142 x1000đ/lượng (13%),91.000 x1000đ/lượng,-22 x1000đ/lượng (13%)
3/3/2025 9:15,PNJ,Ring,90.000 x1000đ/lượng,+142 x1000đ/lượng (13%),91.000 x1000đ/lượng,-22 x1000đ/lượng (13%)
3/3/2025 9:15,SJC,Bullion,89.000 x1000đ/lượng,+142 x1000đ/lượng (13%),91.000 x1000đ/lượng,-22 x1000đ/lượng (13%)
3/3/2025 9:15,SJC,Ring,89.000 x1000đ/lượng,+142 x1000đ/lượng (13%),90.900 x1000đ/lượng,-22 x1000đ/lượng (13%)
3/3/2025 9:15,PHU-QUY,Bullion,89.300 x1000đ/lượng,+142 x1000đ/lượng (13%),91.000 x1000đ/lượng,-22 x1000đ/lượng (13%)
3/3/2025 9:15,PHU-QUY,Ring,90.300 x1000đ/lượng,+142 x1000đ/lượng (13%),91.700 x1000đ/lượng,-22 x1000đ/lượng (13%)
3/3/2025 9:15,BAO-TIN-MINH-CHAU,Bullion,89.300 x1000đ/lượng,+142 x1000đ/lượng (13%),91.000 x1000đ/lượng,-22 x1000đ/lượng (13%)
3/3/2025 9:15,BAO-TIN-MINH-CHAU,Ring,90.500 x1000đ/lượng,+142 x1000đ/lượng (13%),91.700 x1000đ/lượng,-22 x1000đ/lượng (13%)
3/3/2025 9:15,BAO-TIN-MANH-HAI,Ring,90.500 x1000đ/lượng,+142 x1000đ/lượng (13%),90.500 x1000đ/lượng,-22 x1000đ/lượng (13%)
3/3/2025 9:15,MI-HONG,Bullion,90.500 x1000đ/lượng,+142 x1000đ/lượng (13%),91.000 x1000đ/lượng,-22 x1000đ/lượng (13%)
3/3/2025 9:15,MI-HONG,Ring,90.500 x1000đ/lượng,+142 x1000đ/lượng (13%),91.500 x1000đ/lượng,-22 x1000đ/lượng (13%)
3/3/2025 9:15,NGOC-THAM,Bullion,89.300 x1000đ/lượng,+142 x1000đ/lượng (13%),91.800 x1000đ/lượng,-22 x1000đ/lượng (13%)
3/3/2025 9:15,NGOC-THAM,Ring,89.300 x1000đ/lượng,+142 x1000đ/lượng (13%),91.500 x1000đ/lượng,-22 x1000đ/lượng (13%)
3/3/2025 10:20,DOJI,Bullion,89.000 x1000đ/lượng,+142 x1000đ/lượng (13%),91.000 x1000đ/lượng,-22 x1000đ/lượng (13%)
3/3/2025 10:20,DOJI,Ring,90.500 x1000đ/lượng,+142 x1000đ/lượng (13%),91.500 x1000đ/lượng,-22 x1000đ/lượng (13%)
3/3/2025 10:20,PNJ,Bullion,89.000 x1000đ/lượng,+142 x1000đ/lượng (13%),91.000 x1000đ/lượng,-22 x1000đ/lượng (13%)
3/3/2025 10:20,PNJ,Ring,90.000 x1000đ/lượng,+142 x1000đ/lượng (13%),91.000 x1000đ/lượng,-22 x1000đ/lượng (13%)
3/3/2025 10:20,SJC,Bullion,89.000 x1000đ/lượng,+142 x1000đ/lượng (13%),91.000 x1000đ/lượng,-22 x1000đ/lượng (13%)
3/3/2025 10:20,SJC,Ring,89.000 x1000đ/lượng,+142 x1000đ/lượng (13%),90.900 x1000đ/lượng,-22 x1000đ/lượng (13%)
3/3/2025 10:20,PHU-QUY,Bullion,89.300 x1000đ/lượng,+142 x1000đ/lượng (13%),91.000 x1000đ/lượng,-22 x1000đ/lượng (13%)
3/3/2025 10:20,PHU-QUY,Ring,90.300 x1000đ/lượng,+142 x1000đ/lượng (13%),91.700 x1000đ/lượng,-22 x1000đ/lượng (13%)
3/3/2025 10:20,BAO-TIN-MINH-CHAU,Bullion,89.300 x1000đ/lượng,+142 x1000đ/lượng (13%),91.000 x1000đ/lượng,-22 x1000đ/lượng (13%)
3/3/2025 10:20,BAO-TIN-MINH-CHAU,Ring,90.500 x1000đ/lượng,+142 x1000đ/lượng (13%),91.700 x1000đ/lượng,-22 x1000đ/lượng (13%)
3/3/2025 10:20,BAO-TIN-MANH-HAI,Ring,90.500 x1000đ/lượng,+142 x1000đ/lượng (13%),90.500 x1000đ/lượng,-22 x1000đ/lượng (13%)
3/3/2025 10:20,MI-HONG,Bullion,90.600 x1000đ/lượng,+142 x1000đ/lượng (13%),91.500 x1000đ/lượng,-22 x1000đ/lượng (13%)
3/3/2025 10:20,MI-HONG,Ring,90.500 x1000đ/lượng,+142 x1000đ/lượng (13%),91.500 x1000đ/lượng,-22 x1000đ/lượng (13%)
3/3/2025 10:20,NGOC-THAM,Bullion,89.300 x1000đ/lượng,+142 x1000đ/lượng (13%),91.800 x1000đ/lượng,-22 x1000đ/lượng (13%)
3/3/2025 10:20,NGOC-THAM,Ring,89.300 x1000đ/lượng,+142 x1000đ/lượng (13%),91.500 x1000đ/lượng,-22 x1000đ/lượng (13%)
3/3/2025 13:15,DOJI,Bullion,89.000 x1000đ/lượng,+142 x1000đ/lượng (13%),91.000 x1000đ/lượng,-22 x1000đ/lượng (13%)
3/3/2025 13:15,DOJI,Ring,90.500 x1000đ/lượng,+142 x1000đ/lượng (13%),91.500 x1000đ/lượng,-22 x1000đ/lượng (13%)
3/3/2025 13:15,PNJ,Bullion,89.000 x1000đ/lượng,+142 x1000đ/lượng (13%),91.000 x1000đ/lượng,-22 x1000đ/lượng (13%)
3/3/2025 13:15,PNJ,Ring,90.000 x1000đ/lượng,+142 x1000đ/lượng (13%),91.000 x1000đ/lượng,-22 x1000đ/lượng (13%)
3/3/2025 13:15,SJC,Bullion,89.000 x1000đ/lượng,+142 x1000đ/lượng (13%),91.000 x1000đ/lượng,-22 x1000đ/lượng (13%)
3/3/2025 13:15,SJC,Ring,89.000 x1000đ/lượng,+142 x1000đ/lượng (13%),90.900 x1000đ/lượng,-22 x1000đ/lượng (13%)
3/3/2025 13:15,PHU-QUY,Bullion,89.300 x1000đ/lượng,+142 x1000đ/lượng (13%),91.000 x1000đ/lượng,-22 x1000đ/lượng (13%)
3/3/2025 13:15,PHU-QUY,Ring,90.300 x1000đ/lượng,+142 x1000đ/lượng (13%),91.700 x1000đ/lượng,-22 x1000đ/lượng (13%)
3/3/2025 13:15,BAO-TIN-MINH-CHAU,Bullion,89.300 x1000đ/lượng,+142 x1000đ/lượng (13%),91.000 x1000đ/lượng,-22 x1000đ/lượng (13%)
3/3/2025 13:15,BAO-TIN-MINH-CHAU,Ring,90.500 x1000đ/lượng,+142 x1000đ/lượng (13%),91.700 x1000đ/lượng,-22 x1000đ/lượng (13%)
3/3/2025 13:15,BAO-TIN-MANH-HAI,Ring,90.500 x1000đ/lượng,+142 x1000đ/lượng (13%),90.500 x1000đ/lượng,-22 x1000đ/lượng (13%)
3/3/2025 13:15,MI-HONG,Bullion,90.400 x1000đ/lượng,+142 x1000đ/lượng (13%),91.400 x1000đ/lượng,-22 x1000đ/lượng (13%)
3/3/2025 13:15,MI-HONG,Ring,90.200 x1000đ/lượng,+142 x1000đ/lượng (13%),91.400 x1000đ/lượng,-22 x1000đ/lượng (13%)
3/3/2025 13:15,NGOC-THAM,Bullion,89.300 x1000đ/lượng,+142 x1000đ/lượng (13%),91.800 x1000đ/lượng,-22 x1000đ/lượng (13%)
3/3/2025 13:15,NGOC-THAM,Ring,89.300 x1000đ/lượng,+142 x1000đ/lượng (13%),91.500 x1000đ/lượng,-22 x1000đ/lượng (13%)
3/3/2025 15:15,DOJI,Bullion,89.000 x1000đ/lượng,+142 x1000đ/lượng (13%),91.000 x1000đ/lượng,-22 x1000đ/lượng (13%)
3/3/2025 15:15,DOJI,Ring,90.650 x1000đ/lượng,+142 x1000đ/lượng (13%),91.500 x1000đ/lượng,-22 x1000đ/lượng (13%)
3/3/2025 15:15,PNJ,Bullion,89.000 x1000đ/lượng,+142 x1000đ/lượng (13%),91.000 x1000đ/lượng,-22 x1000đ/lượng (13%)
3/3/2025 15:15,PNJ,Ring,90.000 x1000đ/lượng,+142 x1000đ/lượng (13%),91.000 x1000đ/lượng,-22 x1000đ/lượng (13%)
3/3/2025 15:15,SJC,Bullion,89.000 x1000đ/lượng,+142 x1000đ/lượng (13%),91.000 x1000đ/lượng,-22 x1000đ/lượng (13%)
3/3/2025 15:15,SJC,Ring,89.000 x1000đ/lượng,+142 x1000đ/lượng (13%),90.900 x1000đ/lượng,-22 x1000đ/lượng (13%)
3/3/2025 15:15,PHU-QUY,Bullion,89.300 x1000đ/lượng,+142 x1000đ/lượng (13%),91.000 x1000đ/lượng,-22 x1000đ/lượng (13%)
3/3/2025 15:15,PHU-QUY,Ring,90.300 x1000đ/lượng,+142 x1000đ/lượng (13%),91.700 x1000đ/lượng,-22 x1000đ/lượng (13%)
3/3/2025 15:15,BAO-TIN-MINH-CHAU,Bullion,89.300 x1000đ/lượng,+142 x1000đ/lượng (13%),91.000 x1000đ/lượng,-22 x1000đ/lượng (13%)
3/3/2025 15:15,BAO-TIN-MINH-CHAU,Ring,90.600 x1000đ/lượng,+142 x1000đ/lượng (13%),91.800 x1000đ/lượng,-22 x1000đ/lượng (13%)
3/3/2025 15:15,BAO-TIN-MANH-HAI,Ring,90.600 x1000đ/lượng,+142 x1000đ/lượng (13%),90.600 x1000đ/lượng,-22 x1000đ/lượng (13%)
3/3/2025 15:15,MI-HONG,Bullion,90.600 x1000đ/lượng,+142 x1000đ/lượng (13%),91.400 x1000đ/lượng,-22 x1000đ/lượng (13%)
3/3/2025 15:15,MI-HONG,Ring,90.300 x1000đ/lượng,+142 x1000đ/lượng (13%),91.400 x1000đ/lượng,-22 x1000đ/lượng (13%)
3/3/2025 15:15,NGOC-THAM,Bullion,89.500 x1000đ/lượng,+142 x1000đ/lượng (13%),92.000 x1000đ/lượng,-22 x1000đ/lượng (13%)
3/3/2025 15:15,NGOC-THAM,Ring,89.400 x1000đ/lượng,+142 x1000đ/lượng (13%),91.600 x1000đ/lượng,-22 x1000đ/lượng (13%)
3/3/2025 18:10,DOJI,Bullion,89.000 x1000đ/lượng,+142 x1000đ/lượng (13%),91.000 x1000đ/lượng,-22 x1000đ/lượng (13%)
3/3/2025 18:10,DOJI,Ring,90.650 x1000đ/lượng,+142 x1000đ/lượng (13%),91.500 x1000đ/lượng,-22 x1000đ/lượng (13%)
3/3/2025 18:10,PNJ,Bullion,89.000 x1000đ/lượng,+142 x1000đ/lượng (13%),91.000 x1000đ/lượng,-22 x1000đ/lượng (13%)
3/3/2025 18:10,PNJ,Ring,90.000 x1000đ/lượng,+142 x1000đ/lượng (13%),91.000 x1000đ/lượng,-22 x1000đ/lượng (13%)
3/3/2025 18:10,SJC,Bullion,89.000 x1000đ/lượng,+142 x1000đ/lượng (13%),91.000 x1000đ/lượng,-22 x1000đ/lượng (13%)
3/3/2025 18:10,SJC,Ring,89.000 x1000đ/lượng,+142 x1000đ/lượng (13%),90.900 x1000đ/lượng,-22 x1000đ/lượng (13%)
3/3/2025 18:10,PHU-QUY,Bullion,89.300 x1000đ/lượng,+142 x1000đ/lượng (13%),91.000 x1000đ/lượng,-22 x1000đ/lượng (13%)
3/3/2025 18:10,PHU-QUY,Ring,90.300 x1000đ/lượng,+142 x1000đ/lượng (13%),91.700 x1000đ/lượng,-22 x1000đ/lượng (13%)
3/3/2025 18:10,BAO-TIN-MINH-CHAU,Bullion,89.300 x1000đ/lượng,+142 x1000đ/lượng (13%),91.000 x1000đ/lượng,-22 x1000đ/lượng (13%)
3/3/2025 18:10,BAO-TIN-MINH-CHAU,Ring,90.600 x1000đ/lượng,+142 x1000đ/lượng (13%),91.800 x1000đ/lượng,-22 x1000đ/lượng (13%)
3/3/2025 18:10,BAO-TIN-MANH-HAI,Ring,90.600 x1000đ/lượng,+142 x1000đ/lượng (13%),90.600 x1000đ/lượng,-22 x1000đ/lượng (13%)
3/3/2025 18:10,MI-HONG,Bullion,90.600 x1000đ/lượng,+142 x1000đ/lượng (13%),91.400 x1000đ/lượng,-22 x1000đ/lượng (13%)
3/3/2025 18:10,MI-HONG,Ring,90.300 x1000đ/lượng,+142 x1000đ/lượng (13%),91.400 x1000đ/lượng,-22 x1000đ/lượng (13%)
3/3/2025 18:10,NGOC-THAM,Bullion,89.500 x1000đ/lượng,+142 x1000đ/lượng (13%),92.000 x1000đ/lượng,-22 x1000đ/lượng (13%)
3/3/2025 18:10,NGOC-THAM,Ring,89.400 x1000đ/lượng,+142 x1000đ/lượng (13%),91.600 x1000đ/lượng,-22 x1000đ/lượng (13%)
4/3/2025 15:10,DOJI,Bullion,90.000 x1000đ/lượng,+142 x1000đ/lượng (13%),92.000 x1000đ/lượng,-22 x1000đ/lượng (13%)
4/3/2025 15:10,DOJI,Ring,91.520 x1000đ/lượng,+142 x1000đ/lượng (13%),92.600 x1000đ/lượng,-22 x1000đ/lượng (13%)
4/3/2025 15:10,PNJ,Bullion,90.100 x1000đ/lượng,+142 x1000đ/lượng (13%),92.100 x1000đ/lượng,-22 x1000đ/lượng (13%)
4/3/2025 15:10,PNJ,Ring,91.300 x1000đ/lượng,+142 x1000đ/lượng (13%),92.500 x1000đ/lượng,-22 x1000đ/lượng (13%)
4/3/2025 15:10,SJC,Bullion,90.100 x1000đ/lượng,+142 x1000đ/lượng (13%),92.100 x1000đ/lượng,-22 x1000đ/lượng (13%)
4/3/2025 15:10,SJC,Ring,90.100 x1000đ/lượng,+142 x1000đ/lượng (13%),92.000 x1000đ/lượng,-22 x1000đ/lượng (13%)
4/3/2025 15:10,PHU-QUY,Bullion,90.300 x1000đ/lượng,+142 x1000đ/lượng (13%),92.100 x1000đ/lượng,-22 x1000đ/lượng (13%)
4/3/2025 15:10,PHU-QUY,Ring,91.200 x1000đ/lượng,+142 x1000đ/lượng (13%),92.600 x1000đ/lượng,-22 x1000đ/lượng (13%)
4/3/2025 15:10,BAO-TIN-MINH-CHAU,Bullion,90.300 x1000đ/lượng,+142 x1000đ/lượng (13%),92.100 x1000đ/lượng,-22 x1000đ/lượng (13%)
4/3/2025 15:10,BAO-TIN-MINH-CHAU,Ring,91.550 x1000đ/lượng,+142 x1000đ/lượng (13%),92.700 x1000đ/lượng,-22 x1000đ/lượng (13%)
4/3/2025 15:10,BAO-TIN-MANH-HAI,Ring,91.200 x1000đ/lượng,+142 x1000đ/lượng (13%),91.200 x1000đ/lượng,-22 x1000đ/lượng (13%)
4/3/2025 15:10,MI-HONG,Bullion,91.500 x1000đ/lượng,+142 x1000đ/lượng (13%),92.500 x1000đ/lượng,-22 x1000đ/lượng (13%)
4/3/2025 15:10,MI-HONG,Ring,91.300 x1000đ/lượng,+142 x1000đ/lượng (13%),92.500 x1000đ/lượng,-22 x1000đ/lượng (13%)
4/3/2025 15:10,NGOC-THAM,Bullion,90.300 x1000đ/lượng,+142 x1000đ/lượng (13%),92.800 x1000đ/lượng,-22 x1000đ/lượng (13%)
4/3/2025 15:10,NGOC-THAM,Ring,90.100 x1000đ/lượng,+142 x1000đ/lượng (13%),92.300 x1000đ/lượng,-22 x1000đ/lượng (13%)
4/3/2025 18:10,DOJI,Bullion,90.100 x1000đ/lượng,+142 x1000đ/lượng (13%),92.100 x1000đ/lượng,-22 x1000đ/lượng (13%)
4/3/2025 18:10,DOJI,Ring,91.600 x1000đ/lượng,+142 x1000đ/lượng (13%),92.700 x1000đ/lượng,-22 x1000đ/lượng (13%)
4/3/2025 18:10,PNJ,Bullion,90.700 x1000đ/lượng,+142 x1000đ/lượng (13%),92.700 x1000đ/lượng,-22 x1000đ/lượng (13%)
4/3/2025 18:10,PNJ,Ring,91.500 x1000đ/lượng,+142 x1000đ/lượng (13%),92.700 x1000đ/lượng,-22 x1000đ/lượng (13%)
4/3/2025 18:10,SJC,Bullion,90.700 x1000đ/lượng,+142 x1000đ/lượng (13%),92.700 x1000đ/lượng,-22 x1000đ/lượng (13%)
4/3/2025 18:10,SJC,Ring,90.700 x1000đ/lượng,+142 x1000đ/lượng (13%),92.600 x1000đ/lượng,-22 x1000đ/lượng (13%)
4/3/2025 18:10,PHU-QUY,Bullion,90.700 x1000đ/lượng,+142 x1000đ/lượng (13%),92.700 x1000đ/lượng,-22 x1000đ/lượng (13%)
4/3/2025 18:10,PHU-QUY,Ring,91.300 x1000đ/lượng,+142 x1000đ/lượng (13%),92.700 x1000đ/lượng,-22 x1000đ/lượng (13%)
4/3/2025 18:10,BAO-TIN-MINH-CHAU,Bullion,90.700 x1000đ/lượng,+142 x1000đ/lượng (13%),92.700 x1000đ/lượng,-22 x1000đ/lượng (13%)
4/3/2025 18:10,BAO-TIN-MINH-CHAU,Ring,91.600 x1000đ/lượng,+142 x1000đ/lượng (13%),92.800 x1000đ/lượng,-22 x1000đ/lượng (13%)
4/3/2025 18:10,BAO-TIN-MANH-HAI,Ring,91.600 x1000đ/lượng,+142 x1000đ/lượng (13%),91.600 x1000đ/lượng,-22 x1000đ/lượng (13%)
4/3/2025 18:10,MI-HONG,Bullion,91.700 x1000đ/lượng,+142 x1000đ/lượng (13%),92.900 x1000đ/lượng,-22 x1000đ/lượng (13%)
4/3/2025 18:10,MI-HONG,Ring,91.500 x1000đ/lượng,+142 x1000đ/lượng (13%),92.900 x1000đ/lượng,-22 x1000đ/lượng (13%)
4/3/2025 18:10,NGOC-THAM,Bullion,91.000 x1000đ/lượng,+142 x1000đ/lượng (13%),93.500 x1000đ/lượng,-22 x1000đ/lượng (13%)
4/3/2025 18:10,NGOC-THAM,Ring,90.600 x1000đ/lượng,+142 x1000đ/lượng (13%),92.800 x1000đ/lượng,-22 x1000đ/lượng (13%)
5/3/2025 9:18,DOJI,Bullion,90.700 x1000đ/lượng,+142 x1000đ/lượng (13%),92.700 x1000đ/lượng,-22 x1000đ/lượng (13%)
5/3/2025 9:18,DOJI,Ring,91.600 x1000đ/lượng,+142 x1000đ/lượng (13%),92.900 x1000đ/lượng,-22 x1000đ/lượng (13%)
5/3/2025 9:18,PNJ,Bullion,90.700 x1000đ/lượng,+142 x1000đ/lượng (13%),92.700 x1000đ/lượng,-22 x1000đ/lượng (13%)
5/3/2025 9:18,PNJ,Ring,91.700 x1000đ/lượng,+142 x1000đ/lượng (13%),92.900 x1000đ/lượng,-22 x1000đ/lượng (13%)
5/3/2025 9:18,SJC,Bullion,90.700 x1000đ/lượng,+142 x1000đ/lượng (13%),92.700 x1000đ/lượng,-22 x1000đ/lượng (13%)
5/3/2025 9:18,SJC,Ring,90.700 x1000đ/lượng,+142 x1000đ/lượng (13%),92.600 x1000đ/lượng,-22 x1000đ/lượng (13%)
5/3/2025 9:18,PHU-QUY,Bullion,90.900 x1000đ/lượng,+142 x1000đ/lượng (13%),92.700 x1000đ/lượng,-22 x1000đ/lượng (13%)
5/3/2025 9:18,PHU-QUY,Ring,91.600 x1000đ/lượng,+142 x1000đ/lượng (13%),93.000 x1000đ/lượng,-22 x1000đ/lượng (13%)
5/3/2025 9:18,BAO-TIN-MINH-CHAU,Bullion,90.900 x1000đ/lượng,+142 x1000đ/lượng (13%),92.700 x1000đ/lượng,-22 x1000đ/lượng (13%)
5/3/2025 9:18,BAO-TIN-MINH-CHAU,Ring,91.900 x1000đ/lượng,+142 x1000đ/lượng (13%),93.100 x1000đ/lượng,-22 x1000đ/lượng (13%)
5/3/2025 9:18,BAO-TIN-MANH-HAI,Ring,91.400 x1000đ/lượng,+142 x1000đ/lượng (13%),91.400 x1000đ/lượng,-22 x1000đ/lượng (13%)
5/3/2025 9:18,MI-HONG,Bullion,92.100 x1000đ/lượng,+142 x1000đ/lượng (13%),93.500 x1000đ/lượng,-22 x1000đ/lượng (13%)
5/3/2025 9:18,MI-HONG,Ring,92.000 x1000đ/lượng,+142 x1000đ/lượng (13%),93.500 x1000đ/lượng,-22 x1000đ/lượng (13%)
5/3/2025 9:18,NGOC-THAM,Bullion,90.700 x1000đ/lượng,+142 x1000đ/lượng (13%),93.200 x1000đ/lượng,-22 x1000đ/lượng (13%)
5/3/2025 9:18,NGOC-THAM,Ring,90.300 x1000đ/lượng,+142 x1000đ/lượng (13%),92.500 x1000đ/lượng,-22 x1000đ/lượng (13%)
5/3/2025 10:21,DOJI,Bullion,90.700 x1000đ/lượng,+142 x1000đ/lượng (13%),92.700 x1000đ/lượng,-22 x1000đ/lượng (13%)
5/3/2025 10:21,DOJI,Ring,91.600 x1000đ/lượng,+142 x1000đ/lượng (13%),92.900 x1000đ/lượng,-22 x1000đ/lượng (13%)
5/3/2025 10:21,PNJ,Bullion,90.700 x1000đ/lượng,+142 x1000đ/lượng (13%),92.700 x1000đ/lượng,-22 x1000đ/lượng (13%)
5/3/2025 10:21,PNJ,Ring,91.700 x1000đ/lượng,+142 x1000đ/lượng (13%),92.900 x1000đ/lượng,-22 x1000đ/lượng (13%)
5/3/2025 10:21,SJC,Bullion,90.700 x1000đ/lượng,+142 x1000đ/lượng (13%),92.700 x1000đ/lượng,-22 x1000đ/lượng (13%)
5/3/2025 10:21,SJC,Ring,90.700 x1000đ/lượng,+142 x1000đ/lượng (13%),92.600 x1000đ/lượng,-22 x1000đ/lượng (13%)
5/3/2025 10:21,PHU-QUY,Bullion,90.900 x1000đ/lượng,+142 x1000đ/lượng (13%),92.700 x1000đ/lượng,-22 x1000đ/lượng (13%)
5/3/2025 10:21,PHU-QUY,Ring,91.500 x1000đ/lượng,+142 x1000đ/lượng (13%),92.900 x1000đ/lượng,-22 x1000đ/lượng (13%)
5/3/2025 10:21,BAO-TIN-MINH-CHAU,Bullion,90.900 x1000đ/lượng,+142 x1000đ/lượng (13%),92.700 x1000đ/lượng,-22 x1000đ/lượng (13%)
5/3/2025 10:21,BAO-TIN-MINH-CHAU,Ring,91.900 x1000đ/lượng,+142 x1000đ/lượng (13%),93.100 x1000đ/lượng,-22 x1000đ/lượng (13%)
5/3/2025 10:21,BAO-TIN-MANH-HAI,Ring,91.900 x1000đ/lượng,+142 x1000đ/lượng (13%),91.900 x1000đ/lượng,-22 x1000đ/lượng (13%)
5/3/2025 10:21,MI-HONG,Bullion,91.800 x1000đ/lượng,+142 x1000đ/lượng (13%),93.000 x1000đ/lượng,-22 x1000đ/lượng (13%)
5/3/2025 10:21,MI-HONG,Ring,91.700 x1000đ/lượng,+142 x1000đ/lượng (13%),93.000 x1000đ/lượng,-22 x1000đ/lượng (13%)
5/3/2025 10:21,NGOC-THAM,Bullion,90.700 x1000đ/lượng,+142 x1000đ/lượng (13%),93.200 x1000đ/lượng,-22 x1000đ/lượng (13%)
5/3/2025 10:21,NGOC-THAM,Ring,90.300 x1000đ/lượng,+142 x1000đ/lượng (13%),92.500 x1000đ/lượng,-22 x1000đ/lượng (13%)
5/3/2025 13:17,DOJI,Bullion,90.700 x1000đ/lượng,+142 x1000đ/lượng (13%),92.700 x1000đ/lượng,-22 x1000đ/lượng (13%)
5/3/2025 13:17,DOJI,Ring,91.700 x1000đ/lượng,+142 x1000đ/lượng (13%),93.000 x1000đ/lượng,-22 x1000đ/lượng (13%)
5/3/2025 13:17,PNJ,Bullion,90.700 x1000đ/lượng,+142 x1000đ/lượng (13%),92.700 x1000đ/lượng,-22 x1000đ/lượng (13%)
5/3/2025 13:17,PNJ,Ring,91.700 x1000đ/lượng,+142 x1000đ/lượng (13%),92.900 x1000đ/lượng,-22 x1000đ/lượng (13%)
5/3/2025 13:17,SJC,Bullion,90.700 x1000đ/lượng,+142 x1000đ/lượng (13%),92.700 x1000đ/lượng,-22 x1000đ/lượng (13%)
5/3/2025 13:17,SJC,Ring,90.700 x1000đ/lượng,+142 x1000đ/lượng (13%),92.600 x1000đ/lượng,-22 x1000đ/lượng (13%)
5/3/2025 13:17,PHU-QUY,Bullion,90.900 x1000đ/lượng,+142 x1000đ/lượng (13%),92.700 x1000đ/lượng,-22 x1000đ/lượng (13%)
5/3/2025 13:17,PHU-QUY,Ring,91.600 x1000đ/lượng,+142 x1000đ/lượng (13%),93.000 x1000đ/lượng,-22 x1000đ/lượng (13%)
5/3/2025 13:17,BAO-TIN-MINH-CHAU,Bullion,90.900 x1000đ/lượng,+142 x1000đ/lượng (13%),92.700 x1000đ/lượng,-22 x1000đ/lượng (13%)
5/3/2025 13:17,BAO-TIN-MINH-CHAU,Ring,91.900 x1000đ/lượng,+142 x1000đ/lượng (13%),93.100 x1000đ/lượng,-22 x1000đ/lượng (13%)
5/3/2025 13:17,BAO-TIN-MANH-HAI,Ring,91.900 x1000đ/lượng,+142 x1000đ/lượng (13%),91.900 x1000đ/lượng,-22 x1000đ/lượng (13%)
5/3/2025 13:17,MI-HONG,Bullion,91.500 x1000đ/lượng,+142 x1000đ/lượng (13%),92.700 x1000đ/lượng,-22 x1000đ/lượng (13%)
5/3/2025 13:17,MI-HONG,Ring,91.400 x1000đ/lượng,+142 x1000đ/lượng (13%),92.700 x1000đ/lượng,-22 x1000đ/lượng (13%)
5/3/2025 13:17,NGOC-THAM,Bullion,90.500 x1000đ/lượng,+142 x1000đ/lượng (13%),93.000 x1000đ/lượng,-22 x1000đ/lượng (13%)
5/3/2025 13:17,NGOC-THAM,Ring,90.400 x1000đ/lượng,+142 x1000đ/lượng (13%),92.600 x1000đ/lượng,-22 x1000đ/lượng (13%)
5/3/2025 15:16,DOJI,Bullion,90.700 x1000đ/lượng,+142 x1000đ/lượng (13%),92.700 x1000đ/lượng,-22 x1000đ/lượng (13%)
5/3/2025 15:16,DOJI,Ring,91.700 x1000đ/lượng,+142 x1000đ/lượng (13%),93.000 x1000đ/lượng,-22 x1000đ/lượng (13%)
5/3/2025 15:16,PNJ,Bullion,90.700 x1000đ/lượng,+142 x1000đ/lượng (13%),92.700 x1000đ/lượng,-22 x1000đ/lượng (13%)
5/3/2025 15:16,PNJ,Ring,91.700 x1000đ/lượng,+142 x1000đ/lượng (13%),92.900 x1000đ/lượng,-22 x1000đ/lượng (13%)
5/3/2025 15:16,SJC,Bullion,90.700 x1000đ/lượng,+142 x1000đ/lượng (13%),92.700 x1000đ/lượng,-22 x1000đ/lượng (13%)
5/3/2025 15:16,SJC,Ring,90.700 x1000đ/lượng,+142 x1000đ/lượng (13%),92.600 x1000đ/lượng,-22 x1000đ/lượng (13%)
5/3/2025 15:16,PHU-QUY,Bullion,90.900 x1000đ/lượng,+142 x1000đ/lượng (13%),92.700 x1000đ/lượng,-22 x1000đ/lượng (13%)
5/3/2025 15:16,PHU-QUY,Ring,91.600 x1000đ/lượng,+142 x1000đ/lượng (13%),93.000 x1000đ/lượng,-22 x1000đ/lượng (13%)
5/3/2025 15:16,BAO-TIN-MINH-CHAU,Bullion,90.900 x1000đ/lượng,+142 x1000đ/lượng (13%),92.700 x1000đ/lượng,-22 x1000đ/lượng (13%)
5/3/2025 15:16,BAO-TIN-MINH-CHAU,Ring,91.900 x1000đ/lượng,+142 x1000đ/lượng (13%),93.100 x1000đ/lượng,-22 x1000đ/lượng (13%)
5/3/2025 15:16,BAO-TIN-MANH-HAI,Ring,91.900 x1000đ/lượng,+142 x1000đ/lượng (13%),91.900 x1000đ/lượng,-22 x1000đ/lượng (13%)
5/3/2025 15:16,MI-HONG,Bullion,91.500 x1000đ/lượng,+142 x1000đ/lượng (13%),92.700 x1000đ/lượng,-22 x1000đ/lượng (13%)
5/3/2025 15:16,MI-HONG,Ring,91.400 x1000đ/lượng,+142 x1000đ/lượng (13%),92.700 x1000đ/lượng,-22 x1000đ/lượng (13%)
5/3/2025 15:16,NGOC-THAM,Bullion,90.500 x1000đ/lượng,+142 x1000đ/lượng (13%),93.000 x1000đ/lượng,-22 x1000đ/lượng (13%)
5/3/2025 15:16,NGOC-THAM,Ring,90.400 x1000đ/lượng,+142 x1000đ/lượng (13%),92.600 x1000đ/lượng,-22 x1000đ/lượng (13%)
5/3/2025 18:10,DOJI,Bullion,90.700 x1000đ/lượng,+142 x1000đ/lượng (13%),92.700 x1000đ/lượng,-22 x1000đ/lượng (13%)
5/3/2025 18:10,DOJI,Ring,91.700 x1000đ/lượng,+142 x1000đ/lượng (13%),93.000 x1000đ/lượng,-22 x1000đ/lượng (13%)
5/3/2025 18:10,PNJ,Bullion,90.700 x1000đ/lượng,+142 x1000đ/lượng (13%),92.700 x1000đ/lượng,-22 x1000đ/lượng (13%)
5/3/2025 18:10,PNJ,Ring,91.700 x1000đ/lượng,+142 x1000đ/lượng (13%),92.900 x1000đ/lượng,-22 x1000đ/lượng (13%)
5/3/2025 18:10,SJC,Bullion,90.700 x1000đ/lượng,+142 x1000đ/lượng (13%),92.700 x1000đ/lượng,-22 x1000đ/lượng (13%)
5/3/2025 18:10,SJC,Ring,90.700 x1000đ/lượng,+142 x1000đ/lượng (13%),92.600 x1000đ/lượng,-22 x1000đ/lượng (13%)
5/3/2025 18:10,PHU-QUY,Bullion,90.900 x1000đ/lượng,+142 x1000đ/lượng (13%),92.700 x1000đ/lượng,-22 x1000đ/lượng (13%)
5/3/2025 18:10,PHU-QUY,Ring,91.600 x1000đ/lượng,+142 x1000đ/lượng (13%),93.000 x1000đ/lượng,-22 x1000đ/lượng (13%)
5/3/2025 18:10,BAO-TIN-MINH-CHAU,Bullion,90.900 x1000đ/lượng,+142 x1000đ/lượng (13%),92.700 x1000đ/lượng,-22 x1000đ/lượng (13%)
5/3/2025 18:10,BAO-TIN-MINH-CHAU,Ring,92.000 x1000đ/lượng,+142 x1000đ/lượng (13%),93.200 x1000đ/lượng,-22 x1000đ/lượng (13%)
5/3/2025 18:10,BAO-TIN-MANH-HAI,Ring,92.000 x1000đ/lượng,+142 x1000đ/lượng (13%),92.000 x1000đ/lượng,-22 x1000đ/lượng (13%)
5/3/2025 18:10,MI-HONG,Bullion,91.000 x1000đ/lượng,+142 x1000đ/lượng (13%),92.300 x1000đ/lượng,-22 x1000đ/lượng (13%)
5/3/2025 18:10,MI-HONG,Ring,90.800 x1000đ/lượng,+142 x1000đ/lượng (13%),92.300 x1000đ/lượng,-22 x1000đ/lượng (13%)
5/3/2025 18:10,NGOC-THAM,Bullion,90.500 x1000đ/lượng,+142 x1000đ/lượng (13%),93.000 x1000đ/lượng,-22 x1000đ/lượng (13%)
5/3/2025 18:10,NGOC-THAM,Ring,90.400 x1000đ/lượng,+142 x1000đ/lượng (13%),92.600 x1000đ/lượng,-22 x1000đ/lượng (13%)
6/3/2025 9:18,DOJI,Bullion,90.700 x1000đ/lượng,+142 x1000đ/lượng (13%),92.700 x1000đ/lượng,-22 x1000đ/lượng (13%)
6/3/2025 9:18,DOJI,Ring,91.700 x1000đ/lượng,+142 x1000đ/lượng (13%),93.000 x1000đ/lượng,-22 x1000đ/lượng (13%)
6/3/2025 9:18,PNJ,Bullion,90.700 x1000đ/lượng,+142 x1000đ/lượng (13%),92.700 x1000đ/lượng,-22 x1000đ/lượng (13%)
6/3/2025 9:18,PNJ,Ring,91.700 x1000đ/lượng,+142 x1000đ/lượng (13%),92.900 x1000đ/lượng,-22 x1000đ/lượng (13%)
6/3/2025 9:18,SJC,Bullion,91.000 x1000đ/lượng,+142 x1000đ/lượng (13%),93.000 x1000đ/lượng,-22 x1000đ/lượng (13%)
6/3/2025 9:18,SJC,Ring,91.000 x1000đ/lượng,+142 x1000đ/lượng (13%),92.900 x1000đ/lượng,-22 x1000đ/lượng (13%)
6/3/2025 9:18,PHU-QUY,Bullion,91.000 x1000đ/lượng,+142 x1000đ/lượng (13%),93.000 x1000đ/lượng,-22 x1000đ/lượng (13%)
6/3/2025 9:18,PHU-QUY,Ring,91.800 x1000đ/lượng,+142 x1000đ/lượng (13%),93.200 x1000đ/lượng,-22 x1000đ/lượng (13%)
6/3/2025 9:18,BAO-TIN-MINH-CHAU,Bullion,90.900 x1000đ/lượng,+142 x1000đ/lượng (13%),92.700 x1000đ/lượng,-22 x1000đ/lượng (13%)
6/3/2025 9:18,BAO-TIN-MINH-CHAU,Ring,92.000 x1000đ/lượng,+142 x1000đ/lượng (13%),93.200 x1000đ/lượng,-22 x1000đ/lượng (13%)
6/3/2025 9:18,BAO-TIN-MANH-HAI,Ring,92.000 x1000đ/lượng,+142 x1000đ/lượng (13%),92.000 x1000đ/lượng,-22 x1000đ/lượng (13%)
6/3/2025 9:18,MI-HONG,Bullion,91.500 x1000đ/lượng,+142 x1000đ/lượng (13%),92.500 x1000đ/lượng,-22 x1000đ/lượng (13%)
6/3/2025 9:18,MI-HONG,Ring,91.300 x1000đ/lượng,+142 x1000đ/lượng (13%),92.500 x1000đ/lượng,-22 x1000đ/lượng (13%)
6/3/2025 9:18,NGOC-THAM,Bullion,90.500 x1000đ/lượng,+142 x1000đ/lượng (13%),93.000 x1000đ/lượng,-22 x1000đ/lượng (13%)
6/3/2025 9:18,NGOC-THAM,Ring,90.400 x1000đ/lượng,+142 x1000đ/lượng (13%),92.600 x1000đ/lượng,-22 x1000đ/lượng (13%)
6/3/2025 10:22,DOJI,Bullion,91.000 x1000đ/lượng,+142 x1000đ/lượng (13%),93.000 x1000đ/lượng,-22 x1000đ/lượng (13%)
6/3/2025 10:22,DOJI,Ring,92.000 x1000đ/lượng,+142 x1000đ/lượng (13%),93.300 x1000đ/lượng,-22 x1000đ/lượng (13%)
6/3/2025 10:22,PNJ,Bullion,91.000 x1000đ/lượng,+142 x1000đ/lượng (13%),93.000 x1000đ/lượng,-22 x1000đ/lượng (13%)
6/3/2025 10:22,PNJ,Ring,91.800 x1000đ/lượng,+142 x1000đ/lượng (13%),93.000 x1000đ/lượng,-22 x1000đ/lượng (13%)
6/3/2025 10:22,SJC,Bullion,91.000 x1000đ/lượng,+142 x1000đ/lượng (13%),93.000 x1000đ/lượng,-22 x1000đ/lượng (13%)
6/3/2025 10:22,SJC,Ring,91.000 x1000đ/lượng,+142 x1000đ/lượng (13%),92.900 x1000đ/lượng,-22 x1000đ/lượng (13%)
6/3/2025 10:22,PHU-QUY,Bullion,91.000 x1000đ/lượng,+142 x1000đ/lượng (13%),93.000 x1000đ/lượng,-22 x1000đ/lượng (13%)
6/3/2025 10:22,PHU-QUY,Ring,91.800 x1000đ/lượng,+142 x1000đ/lượng (13%),93.200 x1000đ/lượng,-22 x1000đ/lượng (13%)
6/3/2025 10:22,BAO-TIN-MINH-CHAU,Bullion,91.000 x1000đ/lượng,+142 x1000đ/lượng (13%),93.000 x1000đ/lượng,-22 x1000đ/lượng (13%)
6/3/2025 10:22,BAO-TIN-MINH-CHAU,Ring,92.000 x1000đ/lượng,+142 x1000đ/lượng (13%),93.400 x1000đ/lượng,-22 x1000đ/lượng (13%)
6/3/2025 10:22,BAO-TIN-MANH-HAI,Ring,92.000 x1000đ/lượng,+142 x1000đ/lượng (13%),92.000 x1000đ/lượng,-22 x1000đ/lượng (13%)
6/3/2025 10:22,MI-HONG,Bullion,91.500 x1000đ/lượng,+142 x1000đ/lượng (13%),92.700 x1000đ/lượng,-22 x1000đ/lượng (13%)
6/3/2025 10:22,MI-HONG,Ring,91.400 x1000đ/lượng,+142 x1000đ/lượng (13%),92.700 x1000đ/lượng,-22 x1000đ/lượng (13%)
6/3/2025 10:22,NGOC-THAM,Bullion,90.500 x1000đ/lượng,+142 x1000đ/lượng (13%),93.000 x1000đ/lượng,-22 x1000đ/lượng (13%)
6/3/2025 10:22,NGOC-THAM,Ring,90.400 x1000đ/lượng,+142 x1000đ/lượng (13%),92.600 x1000đ/lượng,-22 x1000đ/lượng (13%)
6/3/2025 13:17,DOJI,Bullion,91.000 x1000đ/lượng,+142 x1000đ/lượng (13%),93.000 x1000đ/lượng,-22 x1000đ/lượng (13%)
6/3/2025 13:17,DOJI,Ring,91.850 x1000đ/lượng,+142 x1000đ/lượng (13%),93.300 x1000đ/lượng,-22 x1000đ/lượng (13%)
6/3/2025 13:17,PNJ,Bullion,91.000 x1000đ/lượng,+142 x1000đ/lượng (13%),93.000 x1000đ/lượng,-22 x1000đ/lượng (13%)
6/3/2025 13:17,PNJ,Ring,91.800 x1000đ/lượng,+142 x1000đ/lượng (13%),93.000 x1000đ/lượng,-22 x1000đ/lượng (13%)
6/3/2025 13:17,SJC,Bullion,91.000 x1000đ/lượng,+142 x1000đ/lượng (13%),93.000 x1000đ/lượng,-22 x1000đ/lượng (13%)
6/3/2025 13:17,SJC,Ring,91.000 x1000đ/lượng,+142 x1000đ/lượng (13%),92.900 x1000đ/lượng,-22 x1000đ/lượng (13%)
6/3/2025 13:17,PHU-QUY,Bullion,91.000 x1000đ/lượng,+142 x1000đ/lượng (13%),93.000 x1000đ/lượng,-22 x1000đ/lượng (13%)
6/3/2025 13:17,PHU-QUY,Ring,91.800 x1000đ/lượng,+142 x1000đ/lượng (13%),93.200 x1000đ/lượng,-22 x1000đ/lượng (13%)
6/3/2025 13:17,BAO-TIN-MINH-CHAU,Bullion,91.000 x1000đ/lượng,+142 x1000đ/lượng (13%),93.000 x1000đ/lượng,-22 x1000đ/lượng (13%)
6/3/2025 13:17,BAO-TIN-MINH-CHAU,Ring,92.000 x1000đ/lượng,+142 x1000đ/lượng (13%),93.400 x1000đ/lượng,-22 x1000đ/lượng (13%)
6/3/2025 13:17,BAO-TIN-MANH-HAI,Ring,92.000 x1000đ/lượng,+142 x1000đ/lượng (13%),92.000 x1000đ/lượng,-22 x1000đ/lượng (13%)
6/3/2025 13:17,MI-HONG,Bullion,91.700 x1000đ/lượng,+142 x1000đ/lượng (13%),92.900 x1000đ/lượng,-22 x1000đ/lượng (13%)
6/3/2025 13:17,MI-HONG,Ring,91.500 x1000đ/lượng,+142 x1000đ/lượng (13%),92.900 x1000đ/lượng,-22 x1000đ/lượng (13%)
6/3/2025 13:17,NGOC-THAM,Bullion,90.500 x1000đ/lượng,+142 x1000đ/lượng (13%),93.000 x1000đ/lượng,-22 x1000đ/lượng (13%)
6/3/2025 13:17,NGOC-THAM,Ring,90.400 x1000đ/lượng,+142 x1000đ/lượng (13%),92.600 x1000đ/lượng,-22 x1000đ/lượng (13%)
6/3/2025 15:16,DOJI,Bullion,91.000 x1000đ/lượng,+142 x1000đ/lượng (13%),93.000 x1000đ/lượng,-22 x1000đ/lượng (13%)
6/3/2025 15:16,DOJI,Ring,91.850 x1000đ/lượng,+142 x1000đ/lượng (13%),93.300 x1000đ/lượng,-22 x1000đ/lượng (13%)
6/3/2025 15:16,PNJ,Bullion,91.000 x1000đ/lượng,+142 x1000đ/lượng (13%),93.000 x1000đ/lượng,-22 x1000đ/lượng (13%)
6/3/2025 15:16,PNJ,Ring,91.800 x1000đ/lượng,+142 x1000đ/lượng (13%),93.200 x1000đ/lượng,-22 x1000đ/lượng (13%)
6/3/2025 15:16,SJC,Bullion,91.000 x1000đ/lượng,+142 x1000đ/lượng (13%),93.000 x1000đ/lượng,-22 x1000đ/lượng (13%)
6/3/2025 15:16,SJC,Ring,91.000 x1000đ/lượng,+142 x1000đ/lượng (13%),92.900 x1000đ/lượng,-22 x1000đ/lượng (13%)
6/3/2025 15:16,PHU-QUY,Bullion,91.000 x1000đ/lượng,+142 x1000đ/lượng (13%),93.000 x1000đ/lượng,-22 x1000đ/lượng (13%)
6/3/2025 15:16,PHU-QUY,Ring,91.800 x1000đ/lượng,+142 x1000đ/lượng (13%),93.200 x1000đ/lượng,-22 x1000đ/lượng (13%)
6/3/2025 15:16,BAO-TIN-MINH-CHAU,Bullion,91.000 x1000đ/lượng,+142 x1000đ/lượng (13%),93.000 x1000đ/lượng,-22 x1000đ/lượng (13%)
6/3/2025 15:16,BAO-TIN-MINH-CHAU,Ring,92.000 x1000đ/lượng,+142 x1000đ/lượng (13%),93.400 x1000đ/lượng,-22 x1000đ/lượng (13%)
6/3/2025 15:16,BAO-TIN-MANH-HAI,Ring,92.000 x1000đ/lượng,+142 x1000đ/lượng (13%),92.000 x1000đ/lượng,-22 x1000đ/lượng (13%)
6/3/2025 15:16,MI-HONG,Bullion,91.700 x1000đ/lượng,+142 x1000đ/lượng (13%),92.900 x1000đ/lượng,-22 x1000đ/lượng (13%)
6/3/2025 15:16,MI-HONG,Ring,91.500 x1000đ/lượng,+142 x1000đ/lượng (13%),92.900 x1000đ/lượng,-22 x1000đ/lượng (13%)
6/3/2025 15:16,NGOC-THAM,Bullion,90.200 x1000đ/lượng,+142 x1000đ/lượng (13%),93.000 x1000đ/lượng,-22 x1000đ/lượng (13%)
6/3/2025 15:16,NGOC-THAM,Ring,90.000 x1000đ/lượng,+142 x1000đ/lượng (13%),92.200 x1000đ/lượng,-22 x1000đ/lượng (13%)
6/3/2025 18:10,DOJI,Bullion,90.700 x1000đ/lượng,+142 x1000đ/lượng (13%),92.700 x1000đ/lượng,-22 x1000đ/lượng (13%)
6/3/2025 18:10,DOJI,Ring,91.400 x1000đ/lượng,+142 x1000đ/lượng (13%),93.000 x1000đ/lượng,-22 x1000đ/lượng (13%)
6/3/2025 18:10,PNJ,Bullion,90.700 x1000đ/lượng,+142 x1000đ/lượng (13%),92.700 x1000đ/lượng,-22 x1000đ/lượng (13%)
6/3/2025 18:10,PNJ,Ring,91.500 x1000đ/lượng,+142 x1000đ/lượng (13%),92.900 x1000đ/lượng,-22 x1000đ/lượng (13%)
6/3/2025 18:10,SJC,Bullion,90.700 x1000đ/lượng,+142 x1000đ/lượng (13%),92.700 x1000đ/lượng,-22 x1000đ/lượng (13%)
6/3/2025 18:10,SJC,Ring,90.700 x1000đ/lượng,+142 x1000đ/lượng (13%),92.600 x1000đ/lượng,-22 x1000đ/lượng (13%)
6/3/2025 18:10,PHU-QUY,Bullion,90.700 x1000đ/lượng,+142 x1000đ/lượng (13%),92.700 x1000đ/lượng,-22 x1000đ/lượng (13%)
6/3/2025 18:10,PHU-QUY,Ring,91.500 x1000đ/lượng,+142 x1000đ/lượng (13%),93.000 x1000đ/lượng,-22 x1000đ/lượng (13%)
6/3/2025 18:10,BAO-TIN-MINH-CHAU,Bullion,90.700 x1000đ/lượng,+142 x1000đ/lượng (13%),92.700 x1000đ/lượng,-22 x1000đ/lượng (13%)
6/3/2025 18:10,BAO-TIN-MINH-CHAU,Ring,91.600 x1000đ/lượng,+142 x1000đ/lượng (13%),93.100 x1000đ/lượng,-22 x1000đ/lượng (13%)
6/3/2025 18:10,BAO-TIN-MANH-HAI,Ring,91.600 x1000đ/lượng,+142 x1000đ/lượng (13%),91.600 x1000đ/lượng,-22 x1000đ/lượng (13%)
6/3/2025 18:10,MI-HONG,Bullion,91.100 x1000đ/lượng,+142 x1000đ/lượng (13%),92.500 x1000đ/lượng,-22 x1000đ/lượng (13%)
6/3/2025 18:10,MI-HONG,Ring,91.000 x1000đ/lượng,+142 x1000đ/lượng (13%),92.500 x1000đ/lượng,-22 x1000đ/lượng (13%)
6/3/2025 18:10,NGOC-THAM,Bullion,90.300 x1000đ/lượng,+142 x1000đ/lượng (13%),92.800 x1000đ/lượng,-22 x1000đ/lượng (13%)
6/3/2025 18:10,NGOC-THAM,Ring,89.600 x1000đ/lượng,+142 x1000đ/lượng (13%),91.800 x1000đ/lượng,-22 x1000đ/lượng (13%)
7/3/2025 9:19,DOJI,Bullion,90.700 x1000đ/lượng,+142 x1000đ/lượng (13%),92.700 x1000đ/lượng,-22 x1000đ/lượng (13%)
7/3/2025 9:19,DOJI,Ring,91.400 x1000đ/lượng,+142 x1000đ/lượng (13%),93.000 x1000đ/lượng,-22 x1000đ/lượng (13%)
7/3/2025 9:19,PNJ,Bullion,90.700 x1000đ/lượng,+142 x1000đ/lượng (13%),92.700 x1000đ/lượng,-22 x1000đ/lượng (13%)
7/3/2025 9:19,PNJ,Ring,91.500 x1000đ/lượng,+142 x1000đ/lượng (13%),92.900 x1000đ/lượng,-22 x1000đ/lượng (13%)
7/3/2025 9:19,SJC,Bullion,90.700 x1000đ/lượng,+142 x1000đ/lượng (13%),92.700 x1000đ/lượng,-22 x1000đ/lượng (13%)
7/3/2025 9:19,SJC,Ring,90.700 x1000đ/lượng,+142 x1000đ/lượng (13%),92.600 x1000đ/lượng,-22 x1000đ/lượng (13%)
7/3/2025 9:19,PHU-QUY,Bullion,90.700 x1000đ/lượng,+142 x1000đ/lượng (13%),92.700 x1000đ/lượng,-22 x1000đ/lượng (13%)
7/3/2025 9:19,PHU-QUY,Ring,91.500 x1000đ/lượng,+142 x1000đ/lượng (13%),93.000 x1000đ/lượng,-22 x1000đ/lượng (13%)
7/3/2025 9:19,BAO-TIN-MINH-CHAU,Bullion,90.700 x1000đ/lượng,+142 x1000đ/lượng (13%),92.700 x1000đ/lượng,-22 x1000đ/lượng (13%)
7/3/2025 9:19,BAO-TIN-MINH-CHAU,Ring,91.600 x1000đ/lượng,+142 x1000đ/lượng (13%),93.100 x1000đ/lượng,-22 x1000đ/lượng (13%)
7/3/2025 9:19,BAO-TIN-MANH-HAI,Ring,91.600 x1000đ/lượng,+142 x1000đ/lượng (13%),91.600 x1000đ/lượng,-22 x1000đ/lượng (13%)
7/3/2025 9:19,MI-HONG,Bullion,91.200 x1000đ/lượng,+142 x1000đ/lượng (13%),92.500 x1000đ/lượng,-22 x1000đ/lượng (13%)
7/3/2025 9:19,MI-HONG,Ring,91.100 x1000đ/lượng,+142 x1000đ/lượng (13%),92.500 x1000đ/lượng,-22 x1000đ/lượng (13%)
7/3/2025 9:19,NGOC-THAM,Bullion,90.300 x1000đ/lượng,+142 x1000đ/lượng (13%),92.800 x1000đ/lượng,-22 x1000đ/lượng (13%)
7/3/2025 9:19,NGOC-THAM,Ring,89.600 x1000đ/lượng,+142 x1000đ/lượng (13%),91.800 x1000đ/lượng,-22 x1000đ/lượng (13%)
7/3/2025 10:22,DOJI,Bullion,90.700 x1000đ/lượng,+142 x1000đ/lượng (13%),92.700 x1000đ/lượng,-22 x1000đ/lượng (13%)
7/3/2025 10:22,DOJI,Ring,91.400 x1000đ/lượng,+142 x1000đ/lượng (13%),93.000 x1000đ/lượng,-22 x1000đ/lượng (13%)
7/3/2025 10:22,PNJ,Bullion,90.700 x1000đ/lượng,+142 x1000đ/lượng (13%),92.700 x1000đ/lượng,-22 x1000đ/lượng (13%)
7/3/2025 10:22,PNJ,Ring,91.500 x1000đ/lượng,+142 x1000đ/lượng (13%),92.900 x1000đ/lượng,-22 x1000đ/lượng (13%)
7/3/2025 10:22,SJC,Bullion,90.700 x1000đ/lượng,+142 x1000đ/lượng (13%),92.700 x1000đ/lượng,-22 x1000đ/lượng (13%)
7/3/2025 10:22,SJC,Ring,90.700 x1000đ/lượng,+142 x1000đ/lượng (13%),92.600 x1000đ/lượng,-22 x1000đ/lượng (13%)
7/3/2025 10:22,PHU-QUY,Bullion,90.700 x1000đ/lượng,+142 x1000đ/lượng (13%),92.700 x1000đ/lượng,-22 x1000đ/lượng (13%)
7/3/2025 10:22,PHU-QUY,Ring,91.500 x1000đ/lượng,+142 x1000đ/lượng (13%),93.000 x1000đ/lượng,-22 x1000đ/lượng (13%)
7/3/2025 10:22,BAO-TIN-MINH-CHAU,Bullion,90.700 x1000đ/lượng,+142 x1000đ/lượng (13%),92.700 x1000đ/lượng,-22 x1000đ/lượng (13%)
7/3/2025 10:22,BAO-TIN-MINH-CHAU,Ring,91.600 x1000đ/lượng,+142 x1000đ/lượng (13%),93.100 x1000đ/lượng,-22 x1000đ/lượng (13%)
7/3/2025 10:22,BAO-TIN-MANH-HAI,Ring,91.600 x1000đ/lượng,+142 x1000đ/lượng (13%),91.600 x1000đ/lượng,-22 x1000đ/lượng (13%)
7/3/2025 10:22,MI-HONG,Bullion,91.700 x1000đ/lượng,+142 x1000đ/lượng (13%),92.700 x1000đ/lượng,-22 x1000đ/lượng (13%)
7/3/2025 10:22,MI-HONG,Ring,91.500 x1000đ/lượng,+142 x1000đ/lượng (13%),92.700 x1000đ/lượng,-22 x1000đ/lượng (13%)
7/3/2025 10:22,NGOC-THAM,Bullion,90.300 x1000đ/lượng,+142 x1000đ/lượng (13%),92.800 x1000đ/lượng,-22 x1000đ/lượng (13%)
7/3/2025 10:22,NGOC-THAM,Ring,90.000 x1000đ/lượng,+142 x1000đ/lượng (13%),92.200 x1000đ/lượng,-22 x1000đ/lượng (13%)
7/3/2025 13:17,DOJI,Bullion,90.700 x1000đ/lượng,+142 x1000đ/lượng (13%),92.700 x1000đ/lượng,-22 x1000đ/lượng (13%)
7/3/2025 13:17,DOJI,Ring,91.400 x1000đ/lượng,+142 x1000đ/lượng (13%),93.000 x1000đ/lượng,-22 x1000đ/lượng (13%)
7/3/2025 13:17,PNJ,Bullion,90.700 x1000đ/lượng,+142 x1000đ/lượng (13%),92.700 x1000đ/lượng,-22 x1000đ/lượng (13%)
7/3/2025 13:17,PNJ,Ring,91.500 x1000đ/lượng,+142 x1000đ/lượng (13%),92.900 x1000đ/lượng,-22 x1000đ/lượng (13%)
7/3/2025 13:17,SJC,Bullion,90.700 x1000đ/lượng,+142 x1000đ/lượng (13%),92.700 x1000đ/lượng,-22 x1000đ/lượng (13%)
7/3/2025 13:17,SJC,Ring,90.700 x1000đ/lượng,+142 x1000đ/lượng (13%),92.600 x1000đ/lượng,-22 x1000đ/lượng (13%)
7/3/2025 13:17,PHU-QUY,Bullion,90.700 x1000đ/lượng,+142 x1000đ/lượng (13%),92.700 x1000đ/lượng,-22 x1000đ/lượng (13%)
7/3/2025 13:17,PHU-QUY,Ring,91.500 x1000đ/lượng,+142 x1000đ/lượng (13%),93.000 x1000đ/lượng,-22 x1000đ/lượng (13%)
7/3/2025 13:17,BAO-TIN-MINH-CHAU,Bullion,90.700 x1000đ/lượng,+142 x1000đ/lượng (13%),92.700 x1000đ/lượng,-22 x1000đ/lượng (13%)
7/3/2025 13:17,BAO-TIN-MINH-CHAU,Ring,91.600 x1000đ/lượng,+142 x1000đ/lượng (13%),93.100 x1000đ/lượng,-22 x1000đ/lượng (13%)
7/3/2025 13:17,BAO-TIN-MANH-HAI,Ring,91.600 x1000đ/lượng,+142 x1000đ/lượng (13%),91.600 x1000đ/lượng,-22 x1000đ/lượng (13%)
7/3/2025 13:17,MI-HONG,Bullion,91.900 x1000đ/lượng,+142 x1000đ/lượng (13%),92.700 x1000đ/lượng,-22 x1000đ/lượng (13%)
7/3/2025 13:17,MI-HONG,Ring,91.800 x1000đ/lượng,+142 x1000đ/lượng (13%),92.700 x1000đ/lượng,-22 x1000đ/lượng (13%)
7/3/2025 13:17,NGOC-THAM,Bullion,90.600 x1000đ/lượng,+142 x1000đ/lượng (13%),92.800 x1000đ/lượng,-22 x1000đ/lượng (13%)
7/3/2025 13:17,NGOC-THAM,Ring,90.000 x1000đ/lượng,+142 x1000đ/lượng (13%),92.200 x1000đ/lượng,-22 x1000đ/lượng (13%)
7/3/2025 15:16,DOJI,Bullion,90.900 x1000đ/lượng,+142 x1000đ/lượng (13%),92.900 x1000đ/lượng,-22 x1000đ/lượng (13%)
7/3/2025 15:16,DOJI,Ring,91.600 x1000đ/lượng,+142 x1000đ/lượng (13%),93.200 x1000đ/lượng,-22 x1000đ/lượng (13%)
7/3/2025 15:16,PNJ,Bullion,90.700 x1000đ/lượng,+142 x1000đ/lượng (13%),92.700 x1000đ/lượng,-22 x1000đ/lượng (13%)
7/3/2025 15:16,PNJ,Ring,91.500 x1000đ/lượng,+142 x1000đ/lượng (13%),92.900 x1000đ/lượng,-22 x1000đ/lượng (13%)
7/3/2025 15:16,SJC,Bullion,90.900 x1000đ/lượng,+142 x1000đ/lượng (13%),92.900 x1000đ/lượng,-22 x1000đ/lượng (13%)
7/3/2025 15:16,SJC,Ring,90.900 x1000đ/lượng,+142 x1000đ/lượng (13%),92.800 x1000đ/lượng,-22 x1000đ/lượng (13%)
7/3/2025 15:16,PHU-QUY,Bullion,90.700 x1000đ/lượng,+142 x1000đ/lượng (13%),92.700 x1000đ/lượng,-22 x1000đ/lượng (13%)
7/3/2025 15:16,PHU-QUY,Ring,91.500 x1000đ/lượng,+142 x1000đ/lượng (13%),93.000 x1000đ/lượng,-22 x1000đ/lượng (13%)
7/3/2025 15:16,BAO-TIN-MINH-CHAU,Bullion,90.900 x1000đ/lượng,+142 x1000đ/lượng (13%),92.900 x1000đ/lượng,-22 x1000đ/lượng (13%)
7/3/2025 15:16,BAO-TIN-MINH-CHAU,Ring,91.700 x1000đ/lượng,+142 x1000đ/lượng (13%),93.200 x1000đ/lượng,-22 x1000đ/lượng (13%)
7/3/2025 15:16,BAO-TIN-MANH-HAI,Ring,91.600 x1000đ/lượng,+142 x1000đ/lượng (13%),91.600 x1000đ/lượng,-22 x1000đ/lượng (13%)
7/3/2025 15:16,MI-HONG,Bullion,91.900 x1000đ/lượng,+142 x1000đ/lượng (13%),92.700 x1000đ/lượng,-22 x1000đ/lượng (13%)
7/3/2025 15:16,MI-HONG,Ring,91.800 x1000đ/lượng,+142 x1000đ/lượng (13%),92.700 x1000đ/lượng,-22 x1000đ/lượng (13%)
7/3/2025 15:16,NGOC-THAM,Bullion,90.800 x1000đ/lượng,+142 x1000đ/lượng (13%),93.000 x1000đ/lượng,-22 x1000đ/lượng (13%)
7/3/2025 15:16,NGOC-THAM,Ring,90.300 x1000đ/lượng,+142 x1000đ/lượng (13%),92.500 x1000đ/lượng,-22 x1000đ/lượng (13%)
7/3/2025 18:10,DOJI,Bullion,91.100 x1000đ/lượng,+142 x1000đ/lượng (13%),93.100 x1000đ/lượng,-22 x1000đ/lượng (13%)
7/3/2025 18:10,DOJI,Ring,91.800 x1000đ/lượng,+142 x1000đ/lượng (13%),93.400 x1000đ/lượng,-22 x1000đ/lượng (13%)
7/3/2025 18:10,PNJ,Bullion,91.100 x1000đ/lượng,+142 x1000đ/lượng (13%),93.100 x1000đ/lượng,-22 x1000đ/lượng (13%)
7/3/2025 18:10,PNJ,Ring,91.700 x1000đ/lượng,+142 x1000đ/lượng (13%),93.200 x1000đ/lượng,-22 x1000đ/lượng (13%)
7/3/2025 18:10,SJC,Bullion,91.100 x1000đ/lượng,+142 x1000đ/lượng (13%),93.100 x1000đ/lượng,-22 x1000đ/lượng (13%)
7/3/2025 18:10,SJC,Ring,91.100 x1000đ/lượng,+142 x1000đ/lượng (13%),93.000 x1000đ/lượng,-22 x1000đ/lượng (13%)
7/3/2025 18:10,PHU-QUY,Bullion,90.900 x1000đ/lượng,+142 x1000đ/lượng (13%),92.900 x1000đ/lượng,-22 x1000đ/lượng (13%)
7/3/2025 18:10,PHU-QUY,Ring,91.700 x1000đ/lượng,+142 x1000đ/lượng (13%),93.200 x1000đ/lượng,-22 x1000đ/lượng (13%)
7/3/2025 18:10,BAO-TIN-MINH-CHAU,Bullion,91.100 x1000đ/lượng,+142 x1000đ/lượng (13%),93.100 x1000đ/lượng,-22 x1000đ/lượng (13%)
7/3/2025 18:10,BAO-TIN-MINH-CHAU,Ring,92.000 x1000đ/lượng,+142 x1000đ/lượng (13%),93.500 x1000đ/lượng,-22 x1000đ/lượng (13%)
7/3/2025 18:10,BAO-TIN-MANH-HAI,Ring,92.000 x1000đ/lượng,+142 x1000đ/lượng (13%),92.000 x1000đ/lượng,-22 x1000đ/lượng (13%)
7/3/2025 18:10,MI-HONG,Bullion,91.800 x1000đ/lượng,+142 x1000đ/lượng (13%),92.800 x1000đ/lượng,-22 x1000đ/lượng (13%)
7/3/2025 18:10,MI-HONG,Ring,91.700 x1000đ/lượng,+142 x1000đ/lượng (13%),92.800 x1000đ/lượng,-22 x1000đ/lượng (13%)
7/3/2025 18:10,NGOC-THAM,Bullion,90.800 x1000đ/lượng,+142 x1000đ/lượng (13%),93.000 x1000đ/lượng,-22 x1000đ/lượng (13%)
7/3/2025 18:10,NGOC-THAM,Ring,90.300 x1000đ/lượng,+142 x1000đ/lượng (13%),92.500 x1000đ/lượng,-22 x1000đ/lượng (13%)
8/3/2025 8:52,DOJI,Bullion,90.900 x1000đ/lượng,+142 x1000đ/lượng (13%),92.900 x1000đ/lượng,-22 x1000đ/lượng (13%)
8/3/2025 8:52,DOJI,Ring,91.600 x1000đ/lượng,+142 x1000đ/lượng (13%),93.200 x1000đ/lượng,-22 x1000đ/lượng (13%)
8/3/2025 8:52,PNJ,Bullion,91.100 x1000đ/lượng,+142 x1000đ/lượng (13%),93.100 x1000đ/lượng,-22 x1000đ/lượng (13%)
8/3/2025 8:52,PNJ,Ring,91.700 x1000đ/lượng,+142 x1000đ/lượng (13%),93.200 x1000đ/lượng,-22 x1000đ/lượng (13%)
8/3/2025 8:52,SJC,Bullion,90.900 x1000đ/lượng,+142 x1000đ/lượng (13%),92.900 x1000đ/lượng,-22 x1000đ/lượng (13%)
8/3/2025 8:52,SJC,Ring,90.900 x1000đ/lượng,+142 x1000đ/lượng (13%),92.800 x1000đ/lượng,-22 x1000đ/lượng (13%)
8/3/2025 8:52,PHU-QUY,Bullion,91.000 x1000đ/lượng,+142 x1000đ/lượng (13%),93.000 x1000đ/lượng,-22 x1000đ/lượng (13%)
8/3/2025 8:52,PHU-QUY,Ring,91.700 x1000đ/lượng,+142 x1000đ/lượng (13%),93.300 x1000đ/lượng,-22 x1000đ/lượng (13%)
8/3/2025 8:52,BAO-TIN-MINH-CHAU,Bullion,91.100 x1000đ/lượng,+142 x1000đ/lượng (13%),93.100 x1000đ/lượng,-22 x1000đ/lượng (13%)
8/3/2025 8:52,BAO-TIN-MINH-CHAU,Ring,92.000 x1000đ/lượng,+142 x1000đ/lượng (13%),93.500 x1000đ/lượng,-22 x1000đ/lượng (13%)
8/3/2025 8:52,BAO-TIN-MANH-HAI,Ring,92.000 x1000đ/lượng,+142 x1000đ/lượng (13%),92.000 x1000đ/lượng,-22 x1000đ/lượng (13%)
8/3/2025 8:52,MI-HONG,Bullion,91.700 x1000đ/lượng,+142 x1000đ/lượng (13%),92.700 x1000đ/lượng,-22 x1000đ/lượng (13%)
8/3/2025 8:52,MI-HONG,Ring,91.600 x1000đ/lượng,+142 x1000đ/lượng (13%),92.700 x1000đ/lượng,-22 x1000đ/lượng (13%)
8/3/2025 8:52,NGOC-THAM,Bullion,90.500 x1000đ/lượng,+142 x1000đ/lượng (13%),93.000 x1000đ/lượng,-22 x1000đ/lượng (13%)
8/3/2025 8:52,NGOC-THAM,Ring,90.300 x1000đ/lượng,+142 x1000đ/lượng (13%),92.500 x1000đ/lượng,-22 x1000đ/lượng (13%)
8/3/2025 10:11,DOJI,Bullion,90.900 x1000đ/lượng,+142 x1000đ/lượng (13%),92.900 x1000đ/lượng,-22 x1000đ/lượng (13%)
8/3/2025 10:11,DOJI,Ring,91.600 x1000đ/lượng,+142 x1000đ/lượng (13%),93.200 x1000đ/lượng,-22 x1000đ/lượng (13%)
8/3/2025 10:11,PNJ,Bullion,90.900 x1000đ/lượng,+142 x1000đ/lượng (13%),92.900 x1000đ/lượng,-22 x1000đ/lượng (13%)
8/3/2025 10:11,PNJ,Ring,91.700 x1000đ/lượng,+142 x1000đ/lượng (13%),93.200 x1000đ/lượng,-22 x1000đ/lượng (13%)
8/3/2025 10:11,SJC,Bullion,90.900 x1000đ/lượng,+142 x1000đ/lượng (13%),92.900 x1000đ/lượng,-22 x1000đ/lượng (13%)
8/3/2025 10:11,SJC,Ring,90.900 x1000đ/lượng,+142 x1000đ/lượng (13%),92.800 x1000đ/lượng,-22 x1000đ/lượng (13%)
8/3/2025 10:11,PHU-QUY,Bullion,90.900 x1000đ/lượng,+142 x1000đ/lượng (13%),92.900 x1000đ/lượng,-22 x1000đ/lượng (13%)
8/3/2025 10:11,PHU-QUY,Ring,91.600 x1000đ/lượng,+142 x1000đ/lượng (13%),93.200 x1000đ/lượng,-22 x1000đ/lượng (13%)
8/3/2025 10:11,BAO-TIN-MINH-CHAU,Bullion,90.900 x1000đ/lượng,+142 x1000đ/lượng (13%),92.900 x1000đ/lượng,-22 x1000đ/lượng (13%)
8/3/2025 10:11,BAO-TIN-MINH-CHAU,Ring,91.700 x1000đ/lượng,+142 x1000đ/lượng (13%),93.300 x1000đ/lượng,-22 x1000đ/lượng (13%)
8/3/2025 10:11,BAO-TIN-MANH-HAI,Ring,91.700 x1000đ/lượng,+142 x1000đ/lượng (13%),91.700 x1000đ/lượng,-22 x1000đ/lượng (13%)
8/3/2025 10:11,MI-HONG,Bullion,91.800 x1000đ/lượng,+142 x1000đ/lượng (13%),92.900 x1000đ/lượng,-22 x1000đ/lượng (13%)
8/3/2025 10:11,MI-HONG,Ring,91.700 x1000đ/lượng,+142 x1000đ/lượng (13%),92.900 x1000đ/lượng,-22 x1000đ/lượng (13%)
8/3/2025 10:11,NGOC-THAM,Bullion,90.500 x1000đ/lượng,+142 x1000đ/lượng (13%),93.000 x1000đ/lượng,-22 x1000đ/lượng (13%)
8/3/2025 10:11,NGOC-THAM,Ring,90.300 x1000đ/lượng,+142 x1000đ/lượng (13%),92.500 x1000đ/lượng,-22 x1000đ/lượng (13%)
8/3/2025 13:13,DOJI,Bullion,90.900 x1000đ/lượng,+142 x1000đ/lượng (13%),92.900 x1000đ/lượng,-22 x1000đ/lượng (13%)
8/3/2025 13:13,DOJI,Ring,91.600 x1000đ/lượng,+142 x1000đ/lượng (13%),93.200 x1000đ/lượng,-22 x1000đ/lượng (13%)
8/3/2025 13:13,PNJ,Bullion,90.900 x1000đ/lượng,+142 x1000đ/lượng (13%),92.900 x1000đ/lượng,-22 x1000đ/lượng (13%)
8/3/2025 13:13,PNJ,Ring,91.700 x1000đ/lượng,+142 x1000đ/lượng (13%),93.200 x1000đ/lượng,-22 x1000đ/lượng (13%)
8/3/2025 13:13,SJC,Bullion,90.900 x1000đ/lượng,+142 x1000đ/lượng (13%),92.900 x1000đ/lượng,-22 x1000đ/lượng (13%)
8/3/2025 13:13,SJC,Ring,90.900 x1000đ/lượng,+142 x1000đ/lượng (13%),92.800 x1000đ/lượng,-22 x1000đ/lượng (13%)
8/3/2025 13:13,PHU-QUY,Bullion,90.900 x1000đ/lượng,+142 x1000đ/lượng (13%),92.900 x1000đ/lượng,-22 x1000đ/lượng (13%)
8/3/2025 13:13,PHU-QUY,Ring,91.600 x1000đ/lượng,+142 x1000đ/lượng (13%),93.200 x1000đ/lượng,-22 x1000đ/lượng (13%)
8/3/2025 13:13,BAO-TIN-MINH-CHAU,Bullion,90.900 x1000đ/lượng,+142 x1000đ/lượng (13%),92.900 x1000đ/lượng,-22 x1000đ/lượng (13%)
8/3/2025 13:13,BAO-TIN-MINH-CHAU,Ring,91.700 x1000đ/lượng,+142 x1000đ/lượng (13%),93.300 x1000đ/lượng,-22 x1000đ/lượng (13%)
8/3/2025 13:13,BAO-TIN-MANH-HAI,Ring,91.700 x1000đ/lượng,+142 x1000đ/lượng (13%),91.700 x1000đ/lượng,-22 x1000đ/lượng (13%)
8/3/2025 13:13,MI-HONG,Bullion,92.000 x1000đ/lượng,+142 x1000đ/lượng (13%),93.000 x1000đ/lượng,-22 x1000đ/lượng (13%)
8/3/2025 13:13,MI-HONG,Ring,91.900 x1000đ/lượng,+142 x1000đ/lượng (13%),93.000 x1000đ/lượng,-22 x1000đ/lượng (13%)
8/3/2025 13:13,NGOC-THAM,Bullion,90.800 x1000đ/lượng,+142 x1000đ/lượng (13%),93.000 x1000đ/lượng,-22 x1000đ/lượng (13%)
8/3/2025 13:13,NGOC-THAM,Ring,90.300 x1000đ/lượng,+142 x1000đ/lượng (13%),92.500 x1000đ/lượng,-22 x1000đ/lượng (13%)
8/3/2025 15:13,DOJI,Bullion,90.900 x1000đ/lượng,+142 x1000đ/lượng (13%),92.900 x1000đ/lượng,-22 x1000đ/lượng (13%)
8/3/2025 15:13,DOJI,Ring,91.600 x1000đ/lượng,+142 x1000đ/lượng (13%),93.200 x1000đ/lượng,-22 x1000đ/lượng (13%)
8/3/2025 15:13,PNJ,Bullion,90.900 x1000đ/lượng,+142 x1000đ/lượng (13%),92.900 x1000đ/lượng,-22 x1000đ/lượng (13%)
8/3/2025 15:13,PNJ,Ring,91.700 x1000đ/lượng,+142 x1000đ/lượng (13%),93.200 x1000đ/lượng,-22 x1000đ/lượng (13%)
8/3/2025 15:13,SJC,Bullion,90.900 x1000đ/lượng,+142 x1000đ/lượng (13%),92.900 x1000đ/lượng,-22 x1000đ/lượng (13%)
8/3/2025 15:13,SJC,Ring,90.900 x1000đ/lượng,+142 x1000đ/lượng (13%),92.800 x1000đ/lượng,-22 x1000đ/lượng (13%)
8/3/2025 15:13,PHU-QUY,Bullion,90.900 x1000đ/lượng,+142 x1000đ/lượng (13%),92.900 x1000đ/lượng,-22 x1000đ/lượng (13%)
8/3/2025 15:13,PHU-QUY,Ring,91.600 x1000đ/lượng,+142 x1000đ/lượng (13%),93.200 x1000đ/lượng,-22 x1000đ/lượng (13%)
8/3/2025 15:13,BAO-TIN-MINH-CHAU,Bullion,90.900 x1000đ/lượng,+142 x1000đ/lượng (13%),92.900 x1000đ/lượng,-22 x1000đ/lượng (13%)
8/3/2025 15:13,BAO-TIN-MINH-CHAU,Ring,91.700 x1000đ/lượng,+142 x1000đ/lượng (13%),93.300 x1000đ/lượng,-22 x1000đ/lượng (13%)
8/3/2025 15:13,BAO-TIN-MANH-HAI,Ring,91.700 x1000đ/lượng,+142 x1000đ/lượng (13%),91.700 x1000đ/lượng,-22 x1000đ/lượng (13%)
8/3/2025 15:13,MI-HONG,Bullion,92.000 x1000đ/lượng,+142 x1000đ/lượng (13%),93.000 x1000đ/lượng,-22 x1000đ/lượng (13%)
8/3/2025 15:13,MI-HONG,Ring,91.900 x1000đ/lượng,+142 x1000đ/lượng (13%),93.000 x1000đ/lượng,-22 x1000đ/lượng (13%)
8/3/2025 15:13,NGOC-THAM,Bullion,90.800 x1000đ/lượng,+142 x1000đ/lượng (13%),93.000 x1000đ/lượng,-22 x1000đ/lượng (13%)
8/3/2025 15:13,NGOC-THAM,Ring,90.300 x1000đ/lượng,+142 x1000đ/lượng (13%),92.500 x1000đ/lượng,-22 x1000đ/lượng (13%)
8/3/2025 18:09,DOJI,Bullion,90.900 x1000đ/lượng,+142 x1000đ/lượng (13%),92.900 x1000đ/lượng,-22 x1000đ/lượng (13%)
8/3/2025 18:09,DOJI,Ring,91.600 x1000đ/lượng,+142 x1000đ/lượng (13%),93.200 x1000đ/lượng,-22 x1000đ/lượng (13%)
8/3/2025 18:09,PNJ,Bullion,90.900 x1000đ/lượng,+142 x1000đ/lượng (13%),92.900 x1000đ/lượng,-22 x1000đ/lượng (13%)
8/3/2025 18:09,PNJ,Ring,91.700 x1000đ/lượng,+142 x1000đ/lượng (13%),93.200 x1000đ/lượng,-22 x1000đ/lượng (13%)
8/3/2025 18:09,SJC,Bullion,90.900 x1000đ/lượng,+142 x1000đ/lượng (13%),92.900 x1000đ/lượng,-22 x1000đ/lượng (13%)
8/3/2025 18:09,SJC,Ring,90.900 x1000đ/lượng,+142 x1000đ/lượng (13%),92.800 x1000đ/lượng,-22 x1000đ/lượng (13%)
8/3/2025 18:09,PHU-QUY,Bullion,90.900 x1000đ/lượng,+142 x1000đ/lượng (13%),92.900 x1000đ/lượng,-22 x1000đ/lượng (13%)
8/3/2025 18:09,PHU-QUY,Ring,91.600 x1000đ/lượng,+142 x1000đ/lượng (13%),93.200 x1000đ/lượng,-22 x1000đ/lượng (13%)
8/3/2025 18:09,BAO-TIN-MINH-CHAU,Bullion,90.900 x1000đ/lượng,+142 x1000đ/lượng (13%),92.900 x1000đ/lượng,-22 x1000đ/lượng (13%)
8/3/2025 18:09,BAO-TIN-MINH-CHAU,Ring,91.700 x1000đ/lượng,+142 x1000đ/lượng (13%),93.300 x1000đ/lượng,-22 x1000đ/lượng (13%)
8/3/2025 18:09,BAO-TIN-MANH-HAI,Ring,91.700 x1000đ/lượng,+142 x1000đ/lượng (13%),91.700 x1000đ/lượng,-22 x1000đ/lượng (13%)
8/3/2025 18:09,MI-HONG,Bullion,92.000 x1000đ/lượng,+142 x1000đ/lượng (13%),93.200 x1000đ/lượng,-22 x1000đ/lượng (13%)
8/3/2025 18:09,MI-HONG,Ring,91.800 x1000đ/lượng,+142 x1000đ/lượng (13%),93.200 x1000đ/lượng,-22 x1000đ/lượng (13%)
8/3/2025 18:09,NGOC-THAM,Bullion,90.800 x1000đ/lượng,+142 x1000đ/lượng (13%),93.000 x1000đ/lượng,-22 x1000đ/lượng (13%)
8/3/2025 18:09,NGOC-THAM,Ring,90.300 x1000đ/lượng,+142 x1000đ/lượng (13%),92.500 x1000đ/lượng,-22 x1000đ/lượng (13%)
10/3/2025 9:00,DOJI,Bullion,91.100 x1000đ/lượng,+142 x1000đ/lượng (13%),93.100 x1000đ/lượng,-22 x1000đ/lượng (13%)
10/3/2025 9:00,DOJI,Ring,91.800 x1000đ/lượng,+142 x1000đ/lượng (13%),93.400 x1000đ/lượng,-22 x1000đ/lượng (13%)
10/3/2025 9:00,PNJ,Bullion,91.100 x1000đ/lượng,+142 x1000đ/lượng (13%),93.100 x1000đ/lượng,-22 x1000đ/lượng (13%)
10/3/2025 9:00,PNJ,Ring,91.700 x1000đ/lượng,+142 x1000đ/lượng (13%),93.200 x1000đ/lượng,-22 x1000đ/lượng (13%)
10/3/2025 9:00,SJC,Bullion,91.100 x1000đ/lượng,+142 x1000đ/lượng (13%),93.100 x1000đ/lượng,-22 x1000đ/lượng (13%)
10/3/2025 9:00,SJC,Ring,91.100 x1000đ/lượng,+142 x1000đ/lượng (13%),93.000 x1000đ/lượng,-22 x1000đ/lượng (13%)
10/3/2025 9:00,PHU-QUY,Bullion,91.100 x1000đ/lượng,+142 x1000đ/lượng (13%),93.100 x1000đ/lượng,-22 x1000đ/lượng (13%)
10/3/2025 9:00,PHU-QUY,Ring,91.800 x1000đ/lượng,+142 x1000đ/lượng (13%),93.400 x1000đ/lượng,-22 x1000đ/lượng (13%)
10/3/2025 9:00,BAO-TIN-MINH-CHAU,Bullion,90.900 x1000đ/lượng,+142 x1000đ/lượng (13%),92.900 x1000đ/lượng,-22 x1000đ/lượng (13%)
10/3/2025 9:00,BAO-TIN-MINH-CHAU,Ring,91.700 x1000đ/lượng,+142 x1000đ/lượng (13%),93.300 x1000đ/lượng,-22 x1000đ/lượng (13%)
10/3/2025 9:00,BAO-TIN-MANH-HAI,Ring,91.700 x1000đ/lượng,+142 x1000đ/lượng (13%),91.700 x1000đ/lượng,-22 x1000đ/lượng (13%)
10/3/2025 9:00,MI-HONG,Bullion,91.800 x1000đ/lượng,+142 x1000đ/lượng (13%),93.000 x1000đ/lượng,-22 x1000đ/lượng (13%)
10/3/2025 9:00,MI-HONG,Ring,91.700 x1000đ/lượng,+142 x1000đ/lượng (13%),93.000 x1000đ/lượng,-22 x1000đ/lượng (13%)
10/3/2025 9:00,NGOC-THAM,Bullion,90.800 x1000đ/lượng,+142 x1000đ/lượng (13%),93.000 x1000đ/lượng,-22 x1000đ/lượng (13%)
10/3/2025 9:00,NGOC-THAM,Ring,90.600 x1000đ/lượng,+142 x1000đ/lượng (13%),92.800 x1000đ/lượng,-22 x1000đ/lượng (13%)
10/3/2025 10:13,DOJI,Bullion,91.100 x1000đ/lượng,+142 x1000đ/lượng (13%),93.100 x1000đ/lượng,-22 x1000đ/lượng (13%)
10/3/2025 10:13,DOJI,Ring,91.800 x1000đ/lượng,+142 x1000đ/lượng (13%),93.400 x1000đ/lượng,-22 x1000đ/lượng (13%)
10/3/2025 10:13,PNJ,Bullion,91.100 x1000đ/lượng,+142 x1000đ/lượng (13%),93.100 x1000đ/lượng,-22 x1000đ/lượng (13%)
10/3/2025 10:13,PNJ,Ring,91.700 x1000đ/lượng,+142 x1000đ/lượng (13%),93.200 x1000đ/lượng,-22 x1000đ/lượng (13%)
10/3/2025 10:13,SJC,Bullion,91.100 x1000đ/lượng,+142 x1000đ/lượng (13%),93.100 x1000đ/lượng,-22 x1000đ/lượng (13%)
10/3/2025 10:13,SJC,Ring,91.100 x1000đ/lượng,+142 x1000đ/lượng (13%),93.000 x1000đ/lượng,-22 x1000đ/lượng (13%)
10/3/2025 10:13,PHU-QUY,Bullion,91.100 x1000đ/lượng,+142 x1000đ/lượng (13%),93.100 x1000đ/lượng,-22 x1000đ/lượng (13%)
10/3/2025 10:13,PHU-QUY,Ring,91.800 x1000đ/lượng,+142 x1000đ/lượng (13%),93.400 x1000đ/lượng,-22 x1000đ/lượng (13%)
10/3/2025 10:13,BAO-TIN-MINH-CHAU,Bullion,91.100 x1000đ/lượng,+142 x1000đ/lượng (13%),93.100 x1000đ/lượng,-22 x1000đ/lượng (13%)
10/3/2025 10:13,BAO-TIN-MINH-CHAU,Ring,91.900 x1000đ/lượng,+142 x1000đ/lượng (13%),93.500 x1000đ/lượng,-22 x1000đ/lượng (13%)
10/3/2025 10:13,BAO-TIN-MANH-HAI,Ring,91.900 x1000đ/lượng,+142 x1000đ/lượng (13%),91.900 x1000đ/lượng,-22 x1000đ/lượng (13%)
10/3/2025 10:13,MI-HONG,Bullion,91.800 x1000đ/lượng,+142 x1000đ/lượng (13%),93.000 x1000đ/lượng,-22 x1000đ/lượng (13%)
10/3/2025 10:13,MI-HONG,Ring,91.700 x1000đ/lượng,+142 x1000đ/lượng (13%),93.000 x1000đ/lượng,-22 x1000đ/lượng (13%)
10/3/2025 10:13,NGOC-THAM,Bullion,90.800 x1000đ/lượng,+142 x1000đ/lượng (13%),93.000 x1000đ/lượng,-22 x1000đ/lượng (13%)
10/3/2025 10:13,NGOC-THAM,Ring,90.600 x1000đ/lượng,+142 x1000đ/lượng (13%),92.800 x1000đ/lượng,-22 x1000đ/lượng (13%)
10/3/2025 13:15,DOJI,Bullion,91.100 x1000đ/lượng,+142 x1000đ/lượng (13%),93.100 x1000đ/lượng,-22 x1000đ/lượng (13%)
10/3/2025 13:15,DOJI,Ring,91.750 x1000đ/lượng,+142 x1000đ/lượng (13%),93.400 x1000đ/lượng,-22 x1000đ/lượng (13%)
10/3/2025 13:15,PNJ,Bullion,91.100 x1000đ/lượng,+142 x1000đ/lượng (13%),93.100 x1000đ/lượng,-22 x1000đ/lượng (13%)
10/3/2025 13:15,PNJ,Ring,91.700 x1000đ/lượng,+142 x1000đ/lượng (13%),93.200 x1000đ/lượng,-22 x1000đ/lượng (13%)
10/3/2025 13:15,SJC,Bullion,91.100 x1000đ/lượng,+142 x1000đ/lượng (13%),93.100 x1000đ/lượng,-22 x1000đ/lượng (13%)
10/3/2025 13:15,SJC,Ring,91.100 x1000đ/lượng,+142 x1000đ/lượng (13%),93.000 x1000đ/lượng,-22 x1000đ/lượng (13%)
10/3/2025 13:15,PHU-QUY,Bullion,91.100 x1000đ/lượng,+142 x1000đ/lượng (13%),93.100 x1000đ/lượng,-22 x1000đ/lượng (13%)
10/3/2025 13:15,PHU-QUY,Ring,91.800 x1000đ/lượng,+142 x1000đ/lượng (13%),93.400 x1000đ/lượng,-22 x1000đ/lượng (13%)
10/3/2025 13:15,BAO-TIN-MINH-CHAU,Bullion,91.100 x1000đ/lượng,+142 x1000đ/lượng (13%),93.100 x1000đ/lượng,-22 x1000đ/lượng (13%)
10/3/2025 13:15,BAO-TIN-MINH-CHAU,Ring,91.900 x1000đ/lượng,+142 x1000đ/lượng (13%),93.500 x1000đ/lượng,-22 x1000đ/lượng (13%)
10/3/2025 13:15,BAO-TIN-MANH-HAI,Ring,91.900 x1000đ/lượng,+142 x1000đ/lượng (13%),91.900 x1000đ/lượng,-22 x1000đ/lượng (13%)
10/3/2025 13:15,MI-HONG,Bullion,92.300 x1000đ/lượng,+142 x1000đ/lượng (13%),93.100 x1000đ/lượng,-22 x1000đ/lượng (13%)
10/3/2025 13:15,MI-HONG,Ring,92.200 x1000đ/lượng,+142 x1000đ/lượng (13%),93.100 x1000đ/lượng,-22 x1000đ/lượng (13%)
10/3/2025 13:15,NGOC-THAM,Bullion,90.800 x1000đ/lượng,+142 x1000đ/lượng (13%),93.000 x1000đ/lượng,-22 x1000đ/lượng (13%)
10/3/2025 13:15,NGOC-THAM,Ring,90.600 x1000đ/lượng,+142 x1000đ/lượng (13%),92.800 x1000đ/lượng,-22 x1000đ/lượng (13%)
10/3/2025 15:14,DOJI,Bullion,91.100 x1000đ/lượng,+142 x1000đ/lượng (13%),93.100 x1000đ/lượng,-22 x1000đ/lượng (13%)
10/3/2025 15:14,DOJI,Ring,91.900 x1000đ/lượng,+142 x1000đ/lượng (13%),93.400 x1000đ/lượng,-22 x1000đ/lượng (13%)
10/3/2025 15:14,PNJ,Bullion,91.100 x1000đ/lượng,+142 x1000đ/lượng (13%),93.100 x1000đ/lượng,-22 x1000đ/lượng (13%)
10/3/2025 15:14,PNJ,Ring,91.800 x1000đ/lượng,+142 x1000đ/lượng (13%),93.350 x1000đ/lượng,-22 x1000đ/lượng (13%)
10/3/2025 15:14,SJC,Bullion,91.100 x1000đ/lượng,+142 x1000đ/lượng (13%),93.100 x1000đ/lượng,-22 x1000đ/lượng (13%)
10/3/2025 15:14,SJC,Ring,91.100 x1000đ/lượng,+142 x1000đ/lượng (13%),93.000 x1000đ/lượng,-22 x1000đ/lượng (13%)
10/3/2025 15:14,PHU-QUY,Bullion,91.100 x1000đ/lượng,+142 x1000đ/lượng (13%),93.100 x1000đ/lượng,-22 x1000đ/lượng (13%)
10/3/2025 15:14,PHU-QUY,Ring,91.800 x1000đ/lượng,+142 x1000đ/lượng (13%),93.400 x1000đ/lượng,-22 x1000đ/lượng (13%)
10/3/2025 15:14,BAO-TIN-MINH-CHAU,Bullion,91.100 x1000đ/lượng,+142 x1000đ/lượng (13%),93.100 x1000đ/lượng,-22 x1000đ/lượng (13%)
10/3/2025 15:14,BAO-TIN-MINH-CHAU,Ring,91.900 x1000đ/lượng,+142 x1000đ/lượng (13%),93.500 x1000đ/lượng,-22 x1000đ/lượng (13%)
10/3/2025 15:14,BAO-TIN-MANH-HAI,Ring,91.900 x1000đ/lượng,+142 x1000đ/lượng (13%),91.900 x1000đ/lượng,-22 x1000đ/lượng (13%)
10/3/2025 15:14,MI-HONG,Bullion,92.400 x1000đ/lượng,+142 x1000đ/lượng (13%),93.200 x1000đ/lượng,-22 x1000đ/lượng (13%)
10/3/2025 15:14,MI-HONG,Ring,92.200 x1000đ/lượng,+142 x1000đ/lượng (13%),93.200 x1000đ/lượng,-22 x1000đ/lượng (13%)
10/3/2025 15:14,NGOC-THAM,Bullion,90.800 x1000đ/lượng,+142 x1000đ/lượng (13%),93.000 x1000đ/lượng,-22 x1000đ/lượng (13%)
10/3/2025 15:14,NGOC-THAM,Ring,90.600 x1000đ/lượng,+142 x1000đ/lượng (13%),92.800 x1000đ/lượng,-22 x1000đ/lượng (13%)
10/3/2025 18:08,DOJI,Bullion,90.900 x1000đ/lượng,+142 x1000đ/lượng (13%),92.900 x1000đ/lượng,-22 x1000đ/lượng (13%)
10/3/2025 18:08,DOJI,Ring,91.900 x1000đ/lượng,+142 x1000đ/lượng (13%),93.400 x1000đ/lượng,-22 x1000đ/lượng (13%)
10/3/2025 18:08,PNJ,Bullion,90.900 x1000đ/lượng,+142 x1000đ/lượng (13%),92.900 x1000đ/lượng,-22 x1000đ/lượng (13%)
10/3/2025 18:08,PNJ,Ring,91.800 x1000đ/lượng,+142 x1000đ/lượng (13%),93.350 x1000đ/lượng,-22 x1000đ/lượng (13%)
10/3/2025 18:08,SJC,Bullion,90.900 x1000đ/lượng,+142 x1000đ/lượng (13%),92.900 x1000đ/lượng,-22 x1000đ/lượng (13%)
10/3/2025 18:08,SJC,Ring,90.900 x1000đ/lượng,+142 x1000đ/lượng (13%),92.800 x1000đ/lượng,-22 x1000đ/lượng (13%)
10/3/2025 18:08,PHU-QUY,Bullion,91.100 x1000đ/lượng,+142 x1000đ/lượng (13%),93.100 x1000đ/lượng,-22 x1000đ/lượng (13%)
10/3/2025 18:08,PHU-QUY,Ring,91.800 x1000đ/lượng,+142 x1000đ/lượng (13%),93.400 x1000đ/lượng,-22 x1000đ/lượng (13%)
10/3/2025 18:08,BAO-TIN-MINH-CHAU,Bullion,91.100 x1000đ/lượng,+142 x1000đ/lượng (13%),93.100 x1000đ/lượng,-22 x1000đ/lượng (13%)
10/3/2025 18:08,BAO-TIN-MINH-CHAU,Ring,91.900 x1000đ/lượng,+142 x1000đ/lượng (13%),93.500 x1000đ/lượng,-22 x1000đ/lượng (13%)
10/3/2025 18:08,BAO-TIN-MANH-HAI,Ring,91.900 x1000đ/lượng,+142 x1000đ/lượng (13%),91.900 x1000đ/lượng,-22 x1000đ/lượng (13%)
10/3/2025 18:08,MI-HONG,Bullion,92.100 x1000đ/lượng,+142 x1000đ/lượng (13%),93.200 x1000đ/lượng,-22 x1000đ/lượng (13%)
10/3/2025 18:08,MI-HONG,Ring,91.900 x1000đ/lượng,+142 x1000đ/lượng (13%),93.200 x1000đ/lượng,-22 x1000đ/lượng (13%)
10/3/2025 18:08,NGOC-THAM,Bullion,90.600 x1000đ/lượng,+142 x1000đ/lượng (13%),92.800 x1000đ/lượng,-22 x1000đ/lượng (13%)
10/3/2025 18:08,NGOC-THAM,Ring,90.400 x1000đ/lượng,+142 x1000đ/lượng (13%),92.600 x1000đ/lượng,-22 x1000đ/lượng (13%)
11/3/2025 9:19,DOJI,Bullion,90.600 x1000đ/lượng,+142 x1000đ/lượng (13%),92.600 x1000đ/lượng,-22 x1000đ/lượng (13%)
11/3/2025 9:19,DOJI,Ring,91.600 x1000đ/lượng,+142 x1000đ/lượng (13%),93.100 x1000đ/lượng,-22 x1000đ/lượng (13%)
11/3/2025 9:19,PNJ,Bullion,90.600 x1000đ/lượng,+142 x1000đ/lượng (13%),92.600 x1000đ/lượng,-22 x1000đ/lượng (13%)
11/3/2025 9:19,PNJ,Ring,91.500 x1000đ/lượng,+142 x1000đ/lượng (13%),93.000 x1000đ/lượng,-22 x1000đ/lượng (13%)
11/3/2025 9:19,SJC,Bullion,90.600 x1000đ/lượng,+142 x1000đ/lượng (13%),92.600 x1000đ/lượng,-22 x1000đ/lượng (13%)
11/3/2025 9:19,SJC,Ring,90.600 x1000đ/lượng,+142 x1000đ/lượng (13%),92.500 x1000đ/lượng,-22 x1000đ/lượng (13%)
11/3/2025 9:19,PHU-QUY,Bullion,90.800 x1000đ/lượng,+142 x1000đ/lượng (13%),92.600 x1000đ/lượng,-22 x1000đ/lượng (13%)
11/3/2025 9:19,PHU-QUY,Ring,91.400 x1000đ/lượng,+142 x1000đ/lượng (13%),93.100 x1000đ/lượng,-22 x1000đ/lượng (13%)
11/3/2025 9:19,BAO-TIN-MINH-CHAU,Bullion,90.600 x1000đ/lượng,+142 x1000đ/lượng (13%),92.600 x1000đ/lượng,-22 x1000đ/lượng (13%)
11/3/2025 9:19,BAO-TIN-MINH-CHAU,Ring,91.700 x1000đ/lượng,+142 x1000đ/lượng (13%),93.200 x1000đ/lượng,-22 x1000đ/lượng (13%)
11/3/2025 9:19,BAO-TIN-MANH-HAI,Ring,91.900 x1000đ/lượng,+142 x1000đ/lượng (13%),91.900 x1000đ/lượng,-22 x1000đ/lượng (13%)
11/3/2025 9:19,MI-HONG,Bullion,91.700 x1000đ/lượng,+142 x1000đ/lượng (13%),92.900 x1000đ/lượng,-22 x1000đ/lượng (13%)
11/3/2025 9:19,MI-HONG,Ring,91.500 x1000đ/lượng,+142 x1000đ/lượng (13%),92.900 x1000đ/lượng,-22 x1000đ/lượng (13%)
11/3/2025 9:19,NGOC-THAM,Bullion,90.800 x1000đ/lượng,+142 x1000đ/lượng (13%),93.000 x1000đ/lượng,-22 x1000đ/lượng (13%)
11/3/2025 9:19,NGOC-THAM,Ring,90.000 x1000đ/lượng,+142 x1000đ/lượng (13%),92.200 x1000đ/lượng,-22 x1000đ/lượng (13%)
11/3/2025 10:23,DOJI,Bullion,90.800 x1000đ/lượng,+142 x1000đ/lượng (13%),92.800 x1000đ/lượng,-22 x1000đ/lượng (13%)
11/3/2025 10:23,DOJI,Ring,91.800 x1000đ/lượng,+142 x1000đ/lượng (13%),93.300 x1000đ/lượng,-22 x1000đ/lượng (13%)
11/3/2025 10:23,PNJ,Bullion,90.800 x1000đ/lượng,+142 x1000đ/lượng (13%),92.800 x1000đ/lượng,-22 x1000đ/lượng (13%)
11/3/2025 10:23,PNJ,Ring,91.600 x1000đ/lượng,+142 x1000đ/lượng (13%),93.200 x1000đ/lượng,-22 x1000đ/lượng (13%)
11/3/2025 10:23,SJC,Bullion,90.800 x1000đ/lượng,+142 x1000đ/lượng (13%),92.800 x1000đ/lượng,-22 x1000đ/lượng (13%)
11/3/2025 10:23,SJC,Ring,90.800 x1000đ/lượng,+142 x1000đ/lượng (13%),92.700 x1000đ/lượng,-22 x1000đ/lượng (13%)
11/3/2025 10:23,PHU-QUY,Bullion,91.000 x1000đ/lượng,+142 x1000đ/lượng (13%),92.800 x1000đ/lượng,-22 x1000đ/lượng (13%)
11/3/2025 10:23,PHU-QUY,Ring,91.700 x1000đ/lượng,+142 x1000đ/lượng (13%),93.300 x1000đ/lượng,-22 x1000đ/lượng (13%)
11/3/2025 10:23,BAO-TIN-MINH-CHAU,Bullion,90.800 x1000đ/lượng,+142 x1000đ/lượng (13%),92.800 x1000đ/lượng,-22 x1000đ/lượng (13%)
11/3/2025 10:23,BAO-TIN-MINH-CHAU,Ring,91.800 x1000đ/lượng,+142 x1000đ/lượng (13%),93.300 x1000đ/lượng,-22 x1000đ/lượng (13%)
11/3/2025 10:23,BAO-TIN-MANH-HAI,Ring,91.900 x1000đ/lượng,+142 x1000đ/lượng (13%),91.900 x1000đ/lượng,-22 x1000đ/lượng (13%)
11/3/2025 10:23,MI-HONG,Bullion,91.900 x1000đ/lượng,+142 x1000đ/lượng (13%),92.900 x1000đ/lượng,-22 x1000đ/lượng (13%)
11/3/2025 10:23,MI-HONG,Ring,91.700 x1000đ/lượng,+142 x1000đ/lượng (13%),92.900 x1000đ/lượng,-22 x1000đ/lượng (13%)
11/3/2025 10:23,NGOC-THAM,Bullion,90.800 x1000đ/lượng,+142 x1000đ/lượng (13%),93.000 x1000đ/lượng,-22 x1000đ/lượng (13%)
11/3/2025 10:23,NGOC-THAM,Ring,90.300 x1000đ/lượng,+142 x1000đ/lượng (13%),92.500 x1000đ/lượng,-22 x1000đ/lượng (13%)
11/3/2025 13:17,DOJI,Bullion,90.800 x1000đ/lượng,+142 x1000đ/lượng (13%),92.800 x1000đ/lượng,-22 x1000đ/lượng (13%)
11/3/2025 13:17,DOJI,Ring,92.000 x1000đ/lượng,+142 x1000đ/lượng (13%),93.300 x1000đ/lượng,-22 x1000đ/lượng (13%)
11/3/2025 13:17,PNJ,Bullion,90.800 x1000đ/lượng,+142 x1000đ/lượng (13%),92.800 x1000đ/lượng,-22 x1000đ/lượng (13%)
11/3/2025 13:17,PNJ,Ring,91.600 x1000đ/lượng,+142 x1000đ/lượng (13%),93.200 x1000đ/lượng,-22 x1000đ/lượng (13%)
11/3/2025 13:17,SJC,Bullion,90.800 x1000đ/lượng,+142 x1000đ/lượng (13%),92.800 x1000đ/lượng,-22 x1000đ/lượng (13%)
11/3/2025 13:17,SJC,Ring,90.800 x1000đ/lượng,+142 x1000đ/lượng (13%),92.700 x1000đ/lượng,-22 x1000đ/lượng (13%)
11/3/2025 13:17,PHU-QUY,Bullion,91.000 x1000đ/lượng,+142 x1000đ/lượng (13%),92.800 x1000đ/lượng,-22 x1000đ/lượng (13%)
11/3/2025 13:17,PHU-QUY,Ring,91.700 x1000đ/lượng,+142 x1000đ/lượng (13%),93.300 x1000đ/lượng,-22 x1000đ/lượng (13%)
11/3/2025 13:17,BAO-TIN-MINH-CHAU,Bullion,90.800 x1000đ/lượng,+142 x1000đ/lượng (13%),92.800 x1000đ/lượng,-22 x1000đ/lượng (13%)
11/3/2025 13:17,BAO-TIN-MINH-CHAU,Ring,91.900 x1000đ/lượng,+142 x1000đ/lượng (13%),93.400 x1000đ/lượng,-22 x1000đ/lượng (13%)
11/3/2025 13:17,BAO-TIN-MANH-HAI,Ring,91.900 x1000đ/lượng,+142 x1000đ/lượng (13%),91.900 x1000đ/lượng,-22 x1000đ/lượng (13%)
11/3/2025 13:17,MI-HONG,Bullion,92.200 x1000đ/lượng,+142 x1000đ/lượng (13%),93.000 x1000đ/lượng,-22 x1000đ/lượng (13%)
11/3/2025 13:17,MI-HONG,Ring,92.000 x1000đ/lượng,+142 x1000đ/lượng (13%),93.000 x1000đ/lượng,-22 x1000đ/lượng (13%)
11/3/2025 13:17,NGOC-THAM,Bullion,90.800 x1000đ/lượng,+142 x1000đ/lượng (13%),93.000 x1000đ/lượng,-22 x1000đ/lượng (13%)
11/3/2025 13:17,NGOC-THAM,Ring,90.300 x1000đ/lượng,+142 x1000đ/lượng (13%),92.500 x1000đ/lượng,-22 x1000đ/lượng (13%)
11/3/2025 15:16,DOJI,Bullion,90.800 x1000đ/lượng,+142 x1000đ/lượng (13%),92.800 x1000đ/lượng,-22 x1000đ/lượng (13%)
11/3/2025 15:16,DOJI,Ring,91.900 x1000đ/lượng,+142 x1000đ/lượng (13%),93.300 x1000đ/lượng,-22 x1000đ/lượng (13%)
11/3/2025 15:16,PNJ,Bullion,90.800 x1000đ/lượng,+142 x1000đ/lượng (13%),92.800 x1000đ/lượng,-22 x1000đ/lượng (13%)
11/3/2025 15:16,PNJ,Ring,91.600 x1000đ/lượng,+142 x1000đ/lượng (13%),93.200 x1000đ/lượng,-22 x1000đ/lượng (13%)
11/3/2025 15:16,SJC,Bullion,90.800 x1000đ/lượng,+142 x1000đ/lượng (13%),92.800 x1000đ/lượng,-22 x1000đ/lượng (13%)
11/3/2025 15:16,SJC,Ring,90.800 x1000đ/lượng,+142 x1000đ/lượng (13%),92.700 x1000đ/lượng,-22 x1000đ/lượng (13%)
11/3/2025 15:16,PHU-QUY,Bullion,91.000 x1000đ/lượng,+142 x1000đ/lượng (13%),92.800 x1000đ/lượng,-22 x1000đ/lượng (13%)
11/3/2025 15:16,PHU-QUY,Ring,91.700 x1000đ/lượng,+142 x1000đ/lượng (13%),93.300 x1000đ/lượng,-22 x1000đ/lượng (13%)
11/3/2025 15:16,BAO-TIN-MINH-CHAU,Bullion,90.800 x1000đ/lượng,+142 x1000đ/lượng (13%),92.800 x1000đ/lượng,-22 x1000đ/lượng (13%)
11/3/2025 15:16,BAO-TIN-MINH-CHAU,Ring,91.900 x1000đ/lượng,+142 x1000đ/lượng (13%),93.400 x1000đ/lượng,-22 x1000đ/lượng (13%)
11/3/2025 15:16,BAO-TIN-MANH-HAI,Ring,91.900 x1000đ/lượng,+142 x1000đ/lượng (13%),91.900 x1000đ/lượng,-22 x1000đ/lượng (13%)
11/3/2025 15:16,MI-HONG,Bullion,92.300 x1000đ/lượng,+142 x1000đ/lượng (13%),93.000 x1000đ/lượng,-22 x1000đ/lượng (13%)
11/3/2025 15:16,MI-HONG,Ring,92.100 x1000đ/lượng,+142 x1000đ/lượng (13%),93.000 x1000đ/lượng,-22 x1000đ/lượng (13%)
11/3/2025 15:16,NGOC-THAM,Bullion,90.800 x1000đ/lượng,+142 x1000đ/lượng (13%),93.000 x1000đ/lượng,-22 x1000đ/lượng (13%)
11/3/2025 15:16,NGOC-THAM,Ring,90.600 x1000đ/lượng,+142 x1000đ/lượng (13%),92.800 x1000đ/lượng,-22 x1000đ/lượng (13%)
11/3/2025 18:11,DOJI,Bullion,91.000 x1000đ/lượng,+142 x1000đ/lượng (13%),93.000 x1000đ/lượng,-22 x1000đ/lượng (13%)
11/3/2025 18:11,DOJI,Ring,92.100 x1000đ/lượng,+142 x1000đ/lượng (13%),93.500 x1000đ/lượng,-22 x1000đ/lượng (13%)
11/3/2025 18:11,PNJ,Bullion,91.000 x1000đ/lượng,+142 x1000đ/lượng (13%),93.000 x1000đ/lượng,-22 x1000đ/lượng (13%)
11/3/2025 18:11,PNJ,Ring,92.000 x1000đ/lượng,+142 x1000đ/lượng (13%),93.400 x1000đ/lượng,-22 x1000đ/lượng (13%)
11/3/2025 18:11,SJC,Bullion,91.000 x1000đ/lượng,+142 x1000đ/lượng (13%),93.000 x1000đ/lượng,-22 x1000đ/lượng (13%)
11/3/2025 18:11,SJC,Ring,91.000 x1000đ/lượng,+142 x1000đ/lượng (13%),92.900 x1000đ/lượng,-22 x1000đ/lượng (13%)
11/3/2025 18:11,PHU-QUY,Bullion,91.000 x1000đ/lượng,+142 x1000đ/lượng (13%),92.800 x1000đ/lượng,-22 x1000đ/lượng (13%)
11/3/2025 18:11,PHU-QUY,Ring,91.800 x1000đ/lượng,+142 x1000đ/lượng (13%),93.400 x1000đ/lượng,-22 x1000đ/lượng (13%)
11/3/2025 18:11,BAO-TIN-MINH-CHAU,Bullion,91.000 x1000đ/lượng,+142 x1000đ/lượng (13%),92.800 x1000đ/lượng,-22 x1000đ/lượng (13%)
11/3/2025 18:11,BAO-TIN-MINH-CHAU,Ring,92.000 x1000đ/lượng,+142 x1000đ/lượng (13%),93.500 x1000đ/lượng,-22 x1000đ/lượng (13%)
11/3/2025 18:11,BAO-TIN-MANH-HAI,Ring,91.900 x1000đ/lượng,+142 x1000đ/lượng (13%),91.900 x1000đ/lượng,-22 x1000đ/lượng (13%)
11/3/2025 18:11,MI-HONG,Bullion,92.500 x1000đ/lượng,+142 x1000đ/lượng (13%),93.500 x1000đ/lượng,-22 x1000đ/lượng (13%)
11/3/2025 18:11,MI-HONG,Ring,92.300 x1000đ/lượng,+142 x1000đ/lượng (13%),93.500 x1000đ/lượng,-22 x1000đ/lượng (13%)
11/3/2025 18:11,NGOC-THAM,Bullion,91.000 x1000đ/lượng,+142 x1000đ/lượng (13%),93.200 x1000đ/lượng,-22 x1000đ/lượng (13%)
11/3/2025 18:11,NGOC-THAM,Ring,90.800 x1000đ/lượng,+142 x1000đ/lượng (13%),93.000 x1000đ/lượng,-22 x1000đ/lượng (13%)
12/3/2025 9:18,DOJI,Bullion,91.600 x1000đ/lượng,+142 x1000đ/lượng (13%),93.300 x1000đ/lượng,-22 x1000đ/lượng (13%)
12/3/2025 9:18,DOJI,Ring,92.400 x1000đ/lượng,+142 x1000đ/lượng (13%),93.800 x1000đ/lượng,-22 x1000đ/lượng (13%)
12/3/2025 9:18,PNJ,Bullion,91.600 x1000đ/lượng,+142 x1000đ/lượng (13%),93.300 x1000đ/lượng,-22 x1000đ/lượng (13%)
12/3/2025 9:18,PNJ,Ring,92.200 x1000đ/lượng,+142 x1000đ/lượng (13%),93.700 x1000đ/lượng,-22 x1000đ/lượng (13%)
12/3/2025 9:18,SJC,Bullion,91.600 x1000đ/lượng,+142 x1000đ/lượng (13%),93.300 x1000đ/lượng,-22 x1000đ/lượng (13%)
12/3/2025 9:18,SJC,Ring,91.000 x1000đ/lượng,+142 x1000đ/lượng (13%),92.900 x1000đ/lượng,-22 x1000đ/lượng (13%)
12/3/2025 9:18,PHU-QUY,Bullion,91.600 x1000đ/lượng,+142 x1000đ/lượng (13%),93.300 x1000đ/lượng,-22 x1000đ/lượng (13%)
12/3/2025 9:18,PHU-QUY,Ring,92.300 x1000đ/lượng,+142 x1000đ/lượng (13%),93.800 x1000đ/lượng,-22 x1000đ/lượng (13%)
12/3/2025 9:18,BAO-TIN-MINH-CHAU,Bullion,91.600 x1000đ/lượng,+142 x1000đ/lượng (13%),93.300 x1000đ/lượng,-22 x1000đ/lượng (13%)
12/3/2025 9:18,BAO-TIN-MINH-CHAU,Ring,92.300 x1000đ/lượng,+142 x1000đ/lượng (13%),93.800 x1000đ/lượng,-22 x1000đ/lượng (13%)
12/3/2025 9:18,BAO-TIN-MANH-HAI,Ring,91.900 x1000đ/lượng,+142 x1000đ/lượng (13%),91.900 x1000đ/lượng,-22 x1000đ/lượng (13%)
12/3/2025 9:18,MI-HONG,Bullion,92.500 x1000đ/lượng,+142 x1000đ/lượng (13%),93.500 x1000đ/lượng,-22 x1000đ/lượng (13%)
12/3/2025 9:18,MI-HONG,Ring,92.300 x1000đ/lượng,+142 x1000đ/lượng (13%),93.500 x1000đ/lượng,-22 x1000đ/lượng (13%)
12/3/2025 9:18,NGOC-THAM,Bullion,91.000 x1000đ/lượng,+142 x1000đ/lượng (13%),93.200 x1000đ/lượng,-22 x1000đ/lượng (13%)
12/3/2025 9:18,NGOC-THAM,Ring,90.800 x1000đ/lượng,+142 x1000đ/lượng (13%),93.000 x1000đ/lượng,-22 x1000đ/lượng (13%)
12/3/2025 10:21,DOJI,Bullion,91.600 x1000đ/lượng,+142 x1000đ/lượng (13%),93.300 x1000đ/lượng,-22 x1000đ/lượng (13%)
12/3/2025 10:21,DOJI,Ring,92.400 x1000đ/lượng,+142 x1000đ/lượng (13%),93.800 x1000đ/lượng,-22 x1000đ/lượng (13%)
12/3/2025 10:21,PNJ,Bullion,91.600 x1000đ/lượng,+142 x1000đ/lượng (13%),93.300 x1000đ/lượng,-22 x1000đ/lượng (13%)
12/3/2025 10:21,PNJ,Ring,92.200 x1000đ/lượng,+142 x1000đ/lượng (13%),93.700 x1000đ/lượng,-22 x1000đ/lượng (13%)
12/3/2025 10:21,SJC,Bullion,91.600 x1000đ/lượng,+142 x1000đ/lượng (13%),93.300 x1000đ/lượng,-22 x1000đ/lượng (13%)
12/3/2025 10:21,SJC,Ring,91.600 x1000đ/lượng,+142 x1000đ/lượng (13%),93.200 x1000đ/lượng,-22 x1000đ/lượng (13%)
12/3/2025 10:21,PHU-QUY,Bullion,91.800 x1000đ/lượng,+142 x1000đ/lượng (13%),93.300 x1000đ/lượng,-22 x1000đ/lượng (13%)
12/3/2025 10:21,PHU-QUY,Ring,92.300 x1000đ/lượng,+142 x1000đ/lượng (13%),93.800 x1000đ/lượng,-22 x1000đ/lượng (13%)
12/3/2025 10:21,BAO-TIN-MINH-CHAU,Bullion,91.800 x1000đ/lượng,+142 x1000đ/lượng (13%),93.300 x1000đ/lượng,-22 x1000đ/lượng (13%)
12/3/2025 10:21,BAO-TIN-MINH-CHAU,Ring,92.400 x1000đ/lượng,+142 x1000đ/lượng (13%),93.900 x1000đ/lượng,-22 x1000đ/lượng (13%)
12/3/2025 10:21,BAO-TIN-MANH-HAI,Ring,91.900 x1000đ/lượng,+142 x1000đ/lượng (13%),91.900 x1000đ/lượng,-22 x1000đ/lượng (13%)
12/3/2025 10:21,MI-HONG,Bullion,92.600 x1000đ/lượng,+142 x1000đ/lượng (13%),93.500 x1000đ/lượng,-22 x1000đ/lượng (13%)
12/3/2025 10:21,MI-HONG,Ring,92.400 x1000đ/lượng,+142 x1000đ/lượng (13%),93.500 x1000đ/lượng,-22 x1000đ/lượng (13%)
12/3/2025 10:21,NGOC-THAM,Bullion,91.000 x1000đ/lượng,+142 x1000đ/lượng (13%),93.200 x1000đ/lượng,-22 x1000đ/lượng (13%)
12/3/2025 10:21,NGOC-THAM,Ring,90.800 x1000đ/lượng,+142 x1000đ/lượng (13%),93.000 x1000đ/lượng,-22 x1000đ/lượng (13%)
12/3/2025 13:18,DOJI,Bullion,91.600 x1000đ/lượng,+142 x1000đ/lượng (13%),93.300 x1000đ/lượng,-22 x1000đ/lượng (13%)
12/3/2025 13:18,DOJI,Ring,92.400 x1000đ/lượng,+142 x1000đ/lượng (13%),93.800 x1000đ/lượng,-22 x1000đ/lượng (13%)
12/3/2025 13:18,PNJ,Bullion,91.600 x1000đ/lượng,+142 x1000đ/lượng (13%),93.300 x1000đ/lượng,-22 x1000đ/lượng (13%)
12/3/2025 13:18,PNJ,Ring,92.200 x1000đ/lượng,+142 x1000đ/lượng (13%),93.700 x1000đ/lượng,-22 x1000đ/lượng (13%)
12/3/2025 13:18,SJC,Bullion,91.800 x1000đ/lượng,+142 x1000đ/lượng (13%),93.500 x1000đ/lượng,-22 x1000đ/lượng (13%)
12/3/2025 13:18,SJC,Ring,91.600 x1000đ/lượng,+142 x1000đ/lượng (13%),93.200 x1000đ/lượng,-22 x1000đ/lượng (13%)
12/3/2025 13:18,PHU-QUY,Bullion,91.800 x1000đ/lượng,+142 x1000đ/lượng (13%),93.300 x1000đ/lượng,-22 x1000đ/lượng (13%)
12/3/2025 13:18,PHU-QUY,Ring,92.300 x1000đ/lượng,+142 x1000đ/lượng (13%),93.800 x1000đ/lượng,-22 x1000đ/lượng (13%)
12/3/2025 13:18,BAO-TIN-MINH-CHAU,Bullion,91.800 x1000đ/lượng,+142 x1000đ/lượng (13%),93.300 x1000đ/lượng,-22 x1000đ/lượng (13%)
12/3/2025 13:18,BAO-TIN-MINH-CHAU,Ring,92.400 x1000đ/lượng,+142 x1000đ/lượng (13%),93.900 x1000đ/lượng,-22 x1000đ/lượng (13%)
12/3/2025 13:18,BAO-TIN-MANH-HAI,Ring,91.900 x1000đ/lượng,+142 x1000đ/lượng (13%),91.900 x1000đ/lượng,-22 x1000đ/lượng (13%)
12/3/2025 13:18,MI-HONG,Bullion,92.500 x1000đ/lượng,+142 x1000đ/lượng (13%),93.500 x1000đ/lượng,-22 x1000đ/lượng (13%)
12/3/2025 13:18,MI-HONG,Ring,92.400 x1000đ/lượng,+142 x1000đ/lượng (13%),93.500 x1000đ/lượng,-22 x1000đ/lượng (13%)
12/3/2025 13:18,NGOC-THAM,Bullion,91.000 x1000đ/lượng,+142 x1000đ/lượng (13%),93.200 x1000đ/lượng,-22 x1000đ/lượng (13%)
12/3/2025 13:18,NGOC-THAM,Ring,90.800 x1000đ/lượng,+142 x1000đ/lượng (13%),93.000 x1000đ/lượng,-22 x1000đ/lượng (13%)
12/3/2025 15:17,DOJI,Bullion,91.800 x1000đ/lượng,+142 x1000đ/lượng (13%),93.500 x1000đ/lượng,-22 x1000đ/lượng (13%)
12/3/2025 15:17,DOJI,Ring,92.500 x1000đ/lượng,+142 x1000đ/lượng (13%),94.000 x1000đ/lượng,-22 x1000đ/lượng (13%)
12/3/2025 15:17,PNJ,Bullion,91.800 x1000đ/lượng,+142 x1000đ/lượng (13%),93.500 x1000đ/lượng,-22 x1000đ/lượng (13%)
12/3/2025 15:17,PNJ,Ring,92.300 x1000đ/lượng,+142 x1000đ/lượng (13%),93.900 x1000đ/lượng,-22 x1000đ/lượng (13%)
12/3/2025 15:17,SJC,Bullion,91.800 x1000đ/lượng,+142 x1000đ/lượng (13%),93.500 x1000đ/lượng,-22 x1000đ/lượng (13%)
12/3/2025 15:17,SJC,Ring,91.800 x1000đ/lượng,+142 x1000đ/lượng (13%),93.400 x1000đ/lượng,-22 x1000đ/lượng (13%)
12/3/2025 15:17,PHU-QUY,Bullion,92.000 x1000đ/lượng,+142 x1000đ/lượng (13%),93.500 x1000đ/lượng,-22 x1000đ/lượng (13%)
12/3/2025 15:17,PHU-QUY,Ring,92.500 x1000đ/lượng,+142 x1000đ/lượng (13%),94.000 x1000đ/lượng,-22 x1000đ/lượng (13%)
12/3/2025 15:17,BAO-TIN-MINH-CHAU,Bullion,92.000 x1000đ/lượng,+142 x1000đ/lượng (13%),93.500 x1000đ/lượng,-22 x1000đ/lượng (13%)
12/3/2025 15:17,BAO-TIN-MINH-CHAU,Ring,92.550 x1000đ/lượng,+142 x1000đ/lượng (13%),94.100 x1000đ/lượng,-22 x1000đ/lượng (13%)
12/3/2025 15:17,BAO-TIN-MANH-HAI,Ring,91.900 x1000đ/lượng,+142 x1000đ/lượng (13%),91.900 x1000đ/lượng,-22 x1000đ/lượng (13%)
12/3/2025 15:17,MI-HONG,Bullion,92.700 x1000đ/lượng,+142 x1000đ/lượng (13%),93.700 x1000đ/lượng,-22 x1000đ/lượng (13%)
12/3/2025 15:17,MI-HONG,Ring,92.500 x1000đ/lượng,+142 x1000đ/lượng (13%),93.700 x1000đ/lượng,-22 x1000đ/lượng (13%)
12/3/2025 15:17,NGOC-THAM,Bullion,91.400 x1000đ/lượng,+142 x1000đ/lượng (13%),93.600 x1000đ/lượng,-22 x1000đ/lượng (13%)
12/3/2025 15:17,NGOC-THAM,Ring,91.000 x1000đ/lượng,+142 x1000đ/lượng (13%),93.200 x1000đ/lượng,-22 x1000đ/lượng (13%)
12/3/2025 18:11,DOJI,Bullion,91.800 x1000đ/lượng,+142 x1000đ/lượng (13%),93.500 x1000đ/lượng,-22 x1000đ/lượng (13%)
12/3/2025 18:11,DOJI,Ring,92.600 x1000đ/lượng,+142 x1000đ/lượng (13%),94.000 x1000đ/lượng,-22 x1000đ/lượng (13%)
12/3/2025 18:11,PNJ,Bullion,91.800 x1000đ/lượng,+142 x1000đ/lượng (13%),93.500 x1000đ/lượng,-22 x1000đ/lượng (13%)
12/3/2025 18:11,PNJ,Ring,92.300 x1000đ/lượng,+142 x1000đ/lượng (13%),93.900 x1000đ/lượng,-22 x1000đ/lượng (13%)
12/3/2025 18:11,SJC,Bullion,91.800 x1000đ/lượng,+142 x1000đ/lượng (13%),93.500 x1000đ/lượng,-22 x1000đ/lượng (13%)
12/3/2025 18:11,SJC,Ring,91.800 x1000đ/lượng,+142 x1000đ/lượng (13%),93.400 x1000đ/lượng,-22 x1000đ/lượng (13%)
12/3/2025 18:11,PHU-QUY,Bullion,92.000 x1000đ/lượng,+142 x1000đ/lượng (13%),93.500 x1000đ/lượng,-22 x1000đ/lượng (13%)
12/3/2025 18:11,PHU-QUY,Ring,92.600 x1000đ/lượng,+142 x1000đ/lượng (13%),94.100 x1000đ/lượng,-22 x1000đ/lượng (13%)
12/3/2025 18:11,BAO-TIN-MINH-CHAU,Bullion,92.000 x1000đ/lượng,+142 x1000đ/lượng (13%),93.500 x1000đ/lượng,-22 x1000đ/lượng (13%)
12/3/2025 18:11,BAO-TIN-MINH-CHAU,Ring,92.550 x1000đ/lượng,+142 x1000đ/lượng (13%),94.100 x1000đ/lượng,-22 x1000đ/lượng (13%)
12/3/2025 18:11,BAO-TIN-MANH-HAI,Ring,91.900 x1000đ/lượng,+142 x1000đ/lượng (13%),91.900 x1000đ/lượng,-22 x1000đ/lượng (13%)
12/3/2025 18:11,MI-HONG,Bullion,92.700 x1000đ/lượng,+142 x1000đ/lượng (13%),93.800 x1000đ/lượng,-22 x1000đ/lượng (13%)
12/3/2025 18:11,MI-HONG,Ring,92.500 x1000đ/lượng,+142 x1000đ/lượng (13%),93.800 x1000đ/lượng,-22 x1000đ/lượng (13%)
12/3/2025 18:11,NGOC-THAM,Bullion,91.400 x1000đ/lượng,+142 x1000đ/lượng (13%),93.600 x1000đ/lượng,-22 x1000đ/lượng (13%)
12/3/2025 18:11,NGOC-THAM,Ring,91.000 x1000đ/lượng,+142 x1000đ/lượng (13%),93.200 x1000đ/lượng,-22 x1000đ/lượng (13%)
13/03/2025 09:19:51,DOJI,Bullion,92.500 x1000đ/lượng,+142 x1000đ/lượng (13%),94.200 x1000đ/lượng,-22 x1000đ/lượng (13%)
13/03/2025 09:19:51,DOJI,Ring,93.000 x1000đ/lượng,+142 x1000đ/lượng (13%),94.500 x1000đ/lượng,-22 x1000đ/lượng (13%)
13/03/2025 09:19:51,PNJ,Bullion,92.500 x1000đ/lượng,+142 x1000đ/lượng (13%),94.200 x1000đ/lượng,-22 x1000đ/lượng (13%)
13/03/2025 09:19:51,PNJ,Ring,93.000 x1000đ/lượng,+142 x1000đ/lượng (13%),94.500 x1000đ/lượng,-22 x1000đ/lượng (13%)
13/03/2025 09:19:51,SJC,Bullion,92.500 x1000đ/lượng,+142 x1000đ/lượng (13%),94.200 x1000đ/lượng,-22 x1000đ/lượng (13%)
13/03/2025 09:19:51,SJC,Ring,92.500 x1000đ/lượng,+142 x1000đ/lượng (13%),94.100 x1000đ/lượng,-22 x1000đ/lượng (13%)
13/03/2025 09:19:51,PHU-QUY,Bullion,92.500 x1000đ/lượng,+142 x1000đ/lượng (13%),94.200 x1000đ/lượng,-22 x1000đ/lượng (13%)
13/03/2025 09:19:51,PHU-QUY,Ring,93.000 x1000đ/lượng,+142 x1000đ/lượng (13%),94.600 x1000đ/lượng,-22 x1000đ/lượng (13%)
13/03/2025 09:19:51,BAO-TIN-MINH-CHAU,Bullion,92.500 x1000đ/lượng,+142 x1000đ/lượng (13%),94.200 x1000đ/lượng,-22 x1000đ/lượng (13%)
13/03/2025 09:19:51,BAO-TIN-MINH-CHAU,Ring,93.100 x1000đ/lượng,+142 x1000đ/lượng (13%),94.700 x1000đ/lượng,-22 x1000đ/lượng (13%)
13/03/2025 09:19:51,BAO-TIN-MANH-HAI,Ring,93.100 x1000đ/lượng,+142 x1000đ/lượng (13%),93.100 x1000đ/lượng,-22 x1000đ/lượng (13%)
13/03/2025 09:19:51,MI-HONG,Bullion,93.400 x1000đ/lượng,+142 x1000đ/lượng (13%),94.400 x1000đ/lượng,-22 x1000đ/lượng (13%)
13/03/2025 09:19:51,MI-HONG,Ring,93.100 x1000đ/lượng,+142 x1000đ/lượng (13%),94.400 x1000đ/lượng,-22 x1000đ/lượng (13%)
13/03/2025 09:19:51,NGOC-THAM,Bullion,91.500 x1000đ/lượng,+142 x1000đ/lượng (13%),94.000 x1000đ/lượng,-22 x1000đ/lượng (13%)
13/03/2025 09:19:51,NGOC-THAM,Ring,91.300 x1000đ/lượng,+142 x1000đ/lượng (13%),93.500 x1000đ/lượng,-22 x1000đ/lượng (13%)
